--
-- PostgreSQL database dump
--

-- Dumped from database version 15.10 (Debian 15.10-1.pgdg120+1)
-- Dumped by pg_dump version 15.11 (Ubuntu 15.11-1.pgdg22.04+1)

SET statement_timeout = 0;
SET lock_timeout = 0;
SET idle_in_transaction_session_timeout = 0;
SET client_encoding = 'UTF8';
SET standard_conforming_strings = on;
SELECT pg_catalog.set_config('search_path', '', false);
SET check_function_bodies = false;
SET xmloption = content;
SET client_min_messages = warning;
SET row_security = off;

--
-- Data for Name: children; Type: TABLE DATA; Schema: public; Owner: postgres
--

COPY public.children (id, studentid, prefix_th, firstname_th, lastname_th, prefix_en, firstname_en, lastname_en, id_card, issue_at, issue_date, expiry_date, race, nationality, religion, age_student, birthday, place_birth, height, weight, sex, congenital_disease, profile_image, created_at, updated_at, father_first_name, father_last_name, mother_first_name, mother_last_name, classroom, father_phone, mother_phone, nickname, child_group, qr_code, blood_type, allergic_food, allergic_medicine, address, district, amphoe, province, zipcode, emergency_contact, emergency_phone, emergency_relation, father_phone_backup, mother_phone_backup, academic_year, status) FROM stdin;
24	66332210002-6	เด็กชาย	เจ็ก	ซาซี่	Mr.	Jek	Sasie	\N	\N	\N	\N	\N	\N	\N	\N	\N	\N	\N	\N	\N	\N	\N	2025-01-07 10:39:22.377032	2025-01-10 10:57:22.390748	อาหวั่ง	ซาซี่	ม๊าม๋า	ซาซี่	ห้อง 1/1	0456786788	0456786748	อาตี๋	เด็กกลาง	\N	\N	\N	\N	\N	\N	\N	\N	\N	\N	\N	\N	\N	\N	\N	กำลังศึกษา
16	66332210001-3	เด็กหญิง	ไชมัสแคต	แอปเปิ้ล	Mr.	grape	apple	\N	\N	\N	\N				\N	\N		0.00	0.00	ชาย		\N	2024-12-13 13:41:32.611735	2025-01-10 10:57:22.390748	มะม่วง	แอปเปิ้ล	น้อยหน่า	แอปเปิ้ล	ห้อง 1/4	0651564622	0568465656	องุ่น	เด็กกลาง	\N	\N	\N	\N	\N	\N	\N	\N	\N	\N	\N	\N	\N	\N	\N	กำลังศึกษา
6	66332210001-6	เด็กชาย	ธนานนท์	ประชาชน	Mr.	Thananon	Pachachon	ไม่ระบุ	\N	\N	\N				\N	\N		0.00	0.00	ชาย		\N	2024-12-08 11:48:27.07553	2025-01-10 10:57:22.390748	นายธนวัต	ประชาชน	นางเพ็ญศรี	ประชาชน	ห้อง 1/2	0996655599	0665557894	ไทเกอร์5	เด็กกลาง	\N	\N	\N	\N	\N	\N	\N	\N	\N	\N	\N	\N	\N	\N	\N	กำลังศึกษา
17	66332210001-4	เด็กหญิง	อรัญญ์	สุขใจ	Ms.	Alan	happyheart	\N	\N	\N	\N	\N	\N	\N	\N	\N	\N	\N	\N	\N	\N	\N	2024-12-13 14:14:31.365274	2025-01-10 10:57:22.390748	นายย๋อย	สุขใจ	นางหญิง	สุขใจ	ห้อง 1/1	0561656585	0689465489	แตงไทย	เตรียมอนุบาล	\N	\N	\N	\N	\N	\N	\N	\N	\N	\N	\N	\N	\N	\N	\N	กำลังศึกษา
10	66332210001-8	เด็กชาย	นนน	สยาม	Mr.	nnn	sayam	\N	\N	\N	\N				5	\N		0.00	0.00	ชาย		\N	2024-12-11 16:01:53.658737	2025-01-10 10:57:22.390748	ไทลอย	สยาม	ทอมซิม	สยาม	ห้อง 1/1	0996251655	0865462154	หย๋อง	เตรียมอนุบาล	\N	\N	\N	\N	\N	\N	\N	\N	\N	\N	\N	\N	\N	\N	\N	กำลังศึกษา
3	66332210001-0	เด็กชาย	กัปตัน	กำนันหย๋อง	Mr.	captain	Gumnunyoung	1455353456735	\N	\N	\N	ไทย	ไทย	พุทธ	\N	\N		0.00	0.00	ชาย		../../../public/uploads/profiles/profile_677f827041496.jpg	2024-12-04 11:34:15.197648	2025-01-10 11:07:09.207879	นายดำ	กำนันหย๋อง	นางแดง	กำนันหย๋อง	ห้อง 1/1	0995846448	0815523358	กัปตัน	เด็กกลาง	../../../public/uploads/qrcodes/qr_66332210001-0.png	\N	\N	\N	\N	\N	\N	\N	\N	\N	\N	\N	\N	\N	\N	กำลังศึกษา
23	66332210002-5	เด็กชาย	ใหญ่	สามารถ	Mr.	Big	Sama	\N	\N	\N	\N	\N	\N	\N	\N	\N	\N	\N	\N	\N	\N	\N	2025-01-07 10:34:45.127807	2025-01-10 11:07:16.253527	นายเล็ก	สามารถ	มด	สามารถ	ห้อง 1/1	0501648795	0960874784	บิ๊ก	เด็กกลาง	../../../public/uploads/qrcodes/qr_66332210002-5.png	\N	\N	\N	\N	\N	\N	\N	\N	\N	\N	\N	\N	\N	\N	กำลังศึกษา
5	66332210001-1	เด็กหญิง	เนโกะ	จัง	Ms.	neko	jung	1455353456736		\N	\N	ไทย	ไทย	พุทธ	6	\N		123.00	\N	หญิง		../../../public/uploads/profiles/profile_1739774160_663322100011.jpg	2024-12-06 10:32:41.310467	2025-02-20 13:07:05.221603					ห้อง1/1			แมว	เด็กโต	../../../public/uploads/qrcodes/qr_66332210001-1.png	\N	\N	\N	\N	\N	\N	\N	\N	\N	\N	\N	\N	\N	\N	กำลังศึกษา
50	3	เด็กชาย	พุฒิพัศ 	 เอ็งธนกิตติกุล		.	.	\N	\N	\N	\N	\N	\N	\N	\N	\N	\N	\N	\N	\N	\N	\N	2025-01-29 13:40:46.797698	2025-01-29 13:40:46.797698	.	.	.	.	กลาง1	.	.	ฌอน	เด็กกลาง	\N	\N	\N	\N	\N	\N	\N	\N	\N	\N	\N	\N	\N	\N	\N	กำลังศึกษา
68	67020103	เด็กชาย	ปัณณวัชร์ 	มีแสง				\N	\N	\N	\N	\N	\N	\N	\N	\N	\N	\N	\N	\N	\N	\N	2025-02-04 14:31:48.217781	2025-02-04 14:31:48.217781	.	.	.	.	โต1	.	.	ปัณณ์	เด็กโต	\N	\N	\N	\N	\N	\N	\N	\N	\N	\N	\N	\N	\N	\N	\N	กำลังศึกษา
53	6	เด็กหญิง	จิณณ์ณณัช  	ทองเชื้อ		.	.	\N	\N	\N	\N	\N	\N	\N	\N	\N	\N	\N	\N	\N	\N	\N	2025-01-29 13:42:41.8967	2025-01-29 13:42:41.8967	.	.	.	.	กลาง1	.	.	จิณณะ	เด็กกลาง	\N	\N	\N	\N	\N	\N	\N	\N	\N	\N	\N	\N	\N	\N	\N	กำลังศึกษา
56	9	เด็กชาย	รติวัชร์ 	 คำแก้วธนสิทธิ์		.	.	\N	\N	\N	\N	\N	\N	\N	\N	\N	\N	\N	\N	\N	\N	\N	2025-01-29 13:46:37.261531	2025-01-29 13:46:37.261531	.	.	.	.	กลาง1	.	.	รีวิว	เด็กกลาง	\N	\N	\N	\N	\N	\N	\N	\N	\N	\N	\N	\N	\N	\N	\N	กำลังศึกษา
59	12	เด็กหญิง	สุธีมนต์ 	สาสีทา		.	.	\N	\N	\N	\N	\N	\N	\N	\N	\N	\N	\N	\N	\N	\N	\N	2025-01-29 13:48:42.855563	2025-01-29 13:48:42.855563	.	.	.	.	กลาง1	.	.	น้ำพิงค์	เด็กกลาง	\N	\N	\N	\N	\N	\N	\N	\N	\N	\N	\N	\N	\N	\N	\N	กำลังศึกษา
62	15	เด็กหญิง	วริณญา	  ชัยอิทธิอนันต์		.	.	\N	\N	\N	\N	\N	\N	\N	\N	\N	\N	\N	\N	\N	\N	\N	2025-01-29 13:50:37.013965	2025-01-29 13:50:37.013965	.	.	.	.	กลาง1	.	.	ริณ	เด็กกลาง	\N	\N	\N	\N	\N	\N	\N	\N	\N	\N	\N	\N	\N	\N	\N	กำลังศึกษา
11	66332210001-9	เด็กหญิง	นุ่นนุ่น	สว่างคาตา	Mr.	noonnoon	bright	\N		\N	\N				\N	\N		\N	\N	ชาย		../../../public/uploads/profiles/profile_1739436444_663322100019.jpg	2024-12-12 10:26:04.649505	2025-02-20 13:08:21.981647	นายนัดโตะ	สว่างคาตา	เมล่อน	สว่างคาตา	ห้อง1/3	0655489540	0268684848	นุ่น	เด็กโต	../../../public/uploads/qrcodes/qr_66332210001-9.png	\N	\N	\N	\N	\N	\N	\N	\N	\N	\N	\N	\N	\N	\N	กำลังศึกษา
71	67020106	เด็กชาย	บวรวิทย์ 	สิงห์ครุธ				\N	\N	\N	\N	\N	\N	\N	\N	\N	\N	\N	\N	\N	\N	\N	2025-02-04 14:34:08.086158	2025-02-04 14:34:08.086158	.	.	.	.	โต1	.	.	มาวิน	เด็กโต	\N	\N	\N	\N	\N	\N	\N	\N	\N	\N	\N	\N	\N	\N	\N	กำลังศึกษา
74	67020109	เด็กหญิง	ณัฏฐ์ฐิติ	หาญสุรีย์				\N	\N	\N	\N	\N	\N	\N	\N	\N	\N	\N	\N	\N	\N	\N	2025-02-04 14:37:03.746961	2025-02-04 14:37:03.746961	.	.	.	.	โต1	.	.	เอพริล	เด็กโต	\N	\N	\N	\N	\N	\N	\N	\N	\N	\N	\N	\N	\N	\N	\N	กำลังศึกษา
77	67020112	เด็กชาย	ภูริพรรธน์	บุญถวิล				\N	\N	\N	\N	\N	\N	\N	\N	\N	\N	\N	\N	\N	\N	\N	2025-02-04 14:38:36.376044	2025-02-04 14:38:36.376044	.	.	.	.	โต1	.	.	มีคุณ	เด็กโต	\N	\N	\N	\N	\N	\N	\N	\N	\N	\N	\N	\N	\N	\N	\N	กำลังศึกษา
80	67020115	เด็กหญิง	นรินทร์พร 	เพียนอก				\N	\N	\N	\N	\N	\N	\N	\N	\N	\N	\N	\N	\N	\N	\N	2025-02-04 14:40:08.904357	2025-02-04 14:40:08.904357	.	.	.	.	โต1	.	.	ระริน	เด็กโต	\N	\N	\N	\N	\N	\N	\N	\N	\N	\N	\N	\N	\N	\N	\N	กำลังศึกษา
83	67020118	เด็กชาย	รัชชนันท์	ศรีพุทธา				\N	\N	\N	\N	\N	\N	\N	\N	\N	\N	\N	\N	\N	\N	\N	2025-02-04 14:45:35.925869	2025-02-04 14:45:35.925869	.	.	.	.	โต1	.	.	ไทเกอร์	เด็กโต	\N	\N	\N	\N	\N	\N	\N	\N	\N	\N	\N	\N	\N	\N	\N	กำลังศึกษา
86	67020202	เด็กหญิง	กัญญาพัชร 	ศรีพุทธิรัตน์				\N	\N	\N	\N	\N	\N	\N	\N	\N	\N	\N	\N	\N	\N	\N	2025-02-04 14:53:26.673972	2025-02-04 14:53:26.673972	.	.	.	.	โต2	.	.	ณิชา	เด็กโต	\N	\N	\N	\N	\N	\N	\N	\N	\N	\N	\N	\N	\N	\N	\N	กำลังศึกษา
89	67020205	เด็กชาย	กฤติน 	โสภณรัตน์				\N	\N	\N	\N	\N	\N	\N	\N	\N	\N	\N	\N	\N	\N	\N	2025-02-04 14:55:21.83323	2025-02-04 14:55:21.83323	.	.	.	.	โต2	.	.	โซระ	เด็กโต	\N	\N	\N	\N	\N	\N	\N	\N	\N	\N	\N	\N	\N	\N	\N	กำลังศึกษา
92	67020208	เด็กหญิง	ปภาวรินทร์	 ปัดป้อง				\N	\N	\N	\N	\N	\N	\N	\N	\N	\N	\N	\N	\N	\N	\N	2025-02-04 14:57:10.63275	2025-02-04 14:57:10.63275	.	.	.	.	โต2	.	.	ชามา	เด็กโต	\N	\N	\N	\N	\N	\N	\N	\N	\N	\N	\N	\N	\N	\N	\N	กำลังศึกษา
14	6633221001-1	เด็กหญิง	โลตัด	เฟรช	Ms.	Lotus	Fresh	\N		\N	\N				\N	\N		\N	\N	หญิง		../../../public/uploads/profiles/profile_1738573319_66332210011.jpg	2024-12-13 13:17:48.220697	2025-02-20 13:07:29.554181	นายต๋อง	เฟรช	นางใหญ่	เฟรช	ห้อง1/1	0589684896	0849845890	บัว	เด็กโต	../../../public/uploads/qrcodes/qr_6633221001-1.png	\N	\N	\N	\N	\N	\N	\N	\N	\N	\N	\N	\N	\N	\N	กำลังศึกษา
30	68332210056-2	เด็กชาย	ทอม	วัทสัน	Mr.	tom	watson	\N		\N	\N				5	\N		\N	\N	ชาย	55555	../../../public/uploads/profiles/profile_1739774394_683322100562.jpg	2025-01-22 09:16:59.962055	2025-02-20 13:07:41.585337	จิมมี่	วัทสัน	เจส	วัทสัน	ห้อง1/1	0543786748	045378524	ทอมมี่	เด็กโต	\N	\N	\N	\N	\N	\N	\N	\N	\N	\N	\N	\N	\N	\N	\N	กำลังศึกษา
51	4	เด็กหญิง	รินรดา	 ดวงทองพล		.	.	\N	\N	\N	\N	\N	\N	\N	\N	\N	\N	\N	\N	\N	\N	\N	2025-01-29 13:41:23.396082	2025-01-29 13:41:23.396082	.	.	.	.	กลาง1	.	.	ดาริณ	เด็กกลาง	\N	\N	\N	\N	\N	\N	\N	\N	\N	\N	\N	\N	\N	\N	\N	กำลังศึกษา
54	7	เด็กชาย	ธาราดล	 พงษ์ศิลาวรกุล		.	.	\N	\N	\N	\N	\N	\N	\N	\N	\N	\N	\N	\N	\N	\N	\N	2025-01-29 13:43:29.795628	2025-01-29 13:43:29.795628	.	.	.	.	กลาง1	.	.	ชิวอิก	เด็กกลาง	\N	\N	\N	\N	\N	\N	\N	\N	\N	\N	\N	\N	\N	\N	\N	กำลังศึกษา
57	10	เด็กหญิง	ปภัสร์	 มัสเยาะ		.	.	\N	\N	\N	\N	\N	\N	\N	\N	\N	\N	\N	\N	\N	\N	\N	2025-01-29 13:47:12.885483	2025-01-29 13:47:12.885483	.	.	.	.	กลาง1	.	.	ทะเล	เด็กกลาง	\N	\N	\N	\N	\N	\N	\N	\N	\N	\N	\N	\N	\N	\N	\N	กำลังศึกษา
60	13	เด็กหญิง	ธัญญ์นารา	 จูห้อง		.	.	\N	\N	\N	\N	\N	\N	\N	\N	\N	\N	\N	\N	\N	\N	\N	2025-01-29 13:49:21.917478	2025-01-29 13:49:21.917478	.	.	.	.	กลาง1	.	.	ไอลีน	เด็กกลาง	\N	\N	\N	\N	\N	\N	\N	\N	\N	\N	\N	\N	\N	\N	\N	กำลังศึกษา
63	16	เด็กชาย	ไกรวิชญ์	 กรไกร		.	.	\N	\N	\N	\N	\N	\N	\N	\N	\N	\N	\N	\N	\N	\N	\N	2025-01-29 13:51:11.664487	2025-01-29 13:51:11.664487	.	.	.	.	กลาง1	.	.	นาวา	เด็กกลาง	\N	\N	\N	\N	\N	\N	\N	\N	\N	\N	\N	\N	\N	\N	\N	กำลังศึกษา
66	67020101	เด็กหญิง	ญารินดา 	พิมพา		.		\N	\N	\N	\N	\N	\N	\N	\N	\N	\N	\N	\N	\N	\N	\N	2025-02-04 14:28:29.34455	2025-02-04 14:28:29.34455	.	.	.	.	โต1	.	.	ณิชา	เด็กโต	\N	\N	\N	\N	\N	\N	\N	\N	\N	\N	\N	\N	\N	\N	\N	กำลังศึกษา
69	67020104	เด็กหญิง	พีดาริน 	ดีสุข				\N	\N	\N	\N	\N	\N	\N	\N	\N	\N	\N	\N	\N	\N	\N	2025-02-04 14:33:02.78165	2025-02-04 14:33:02.78165	.	.	.	.	โต1	.	.	ดาริน	เด็กโต	\N	\N	\N	\N	\N	\N	\N	\N	\N	\N	\N	\N	\N	\N	\N	กำลังศึกษา
72	67020107	เด็กชาย	นันธวัฒน์ 	ชุณโชติกุล				\N	\N	\N	\N	\N	\N	\N	\N	\N	\N	\N	\N	\N	\N	\N	2025-02-04 14:35:49.743888	2025-02-04 14:35:49.743888	.	.	.	.	โต1	.	.	ไจ่ใจ๋	เด็กโต	\N	\N	\N	\N	\N	\N	\N	\N	\N	\N	\N	\N	\N	\N	\N	กำลังศึกษา
75	67020110	เด็กหญิง	กมลชนก 	สีแดงฮวน				\N	\N	\N	\N	\N	\N	\N	\N	\N	\N	\N	\N	\N	\N	\N	2025-02-04 14:37:40.724347	2025-02-04 14:37:40.724347	.	.	.	.	โต1	.	.	นะโม	เด็กโต	\N	\N	\N	\N	\N	\N	\N	\N	\N	\N	\N	\N	\N	\N	\N	กำลังศึกษา
78	67020113	เด็กชาย	พีรัช	 เหล่ามโนธรรม				\N	\N	\N	\N	\N	\N	\N	\N	\N	\N	\N	\N	\N	\N	\N	2025-02-04 14:39:11.69934	2025-02-04 14:39:11.69934	.	.	.	.	โต1	.	.	พูม่า	เด็กโต	\N	\N	\N	\N	\N	\N	\N	\N	\N	\N	\N	\N	\N	\N	\N	กำลังศึกษา
81	67020116	เด็กหญิง	อชิดา 	ทองธรรมชาติ				\N	\N	\N	\N	\N	\N	\N	\N	\N	\N	\N	\N	\N	\N	\N	2025-02-04 14:40:56.237898	2025-02-04 14:40:56.237898	.	.	.	.	โต1	.	.	เอลิน	เด็กโต	\N	\N	\N	\N	\N	\N	\N	\N	\N	\N	\N	\N	\N	\N	\N	กำลังศึกษา
84	67020119	เด็กชาย	ปุญญพัฒน์	 สุพรส				\N	\N	\N	\N	\N	\N	\N	\N	\N	\N	\N	\N	\N	\N	\N	2025-02-04 14:49:32.811991	2025-02-04 14:49:32.811991	.	.	.	.	โต1	.	.	วายุ	เด็กโต	\N	\N	\N	\N	\N	\N	\N	\N	\N	\N	\N	\N	\N	\N	\N	กำลังศึกษา
87	67020203	เด็กชาย	อนาวินทร์	ยุทธนาโยธิน				\N	\N	\N	\N	\N	\N	\N	\N	\N	\N	\N	\N	\N	\N	\N	2025-02-04 14:54:12.396072	2025-02-04 14:54:12.396072	.	.	.	.	โต2	.	.	ดัมเบลล์	เด็กโต	\N	\N	\N	\N	\N	\N	\N	\N	\N	\N	\N	\N	\N	\N	\N	กำลังศึกษา
90	67020206	เด็กหญิง	ดาริน 	ทองแท่งไทย				\N	\N	\N	\N	\N	\N	\N	\N	\N	\N	\N	\N	\N	\N	\N	2025-02-04 14:56:09.406083	2025-02-04 14:56:09.406083	.	.	.	.	โต2	.	.	ดาริน	เด็กโต	\N	\N	\N	\N	\N	\N	\N	\N	\N	\N	\N	\N	\N	\N	\N	กำลังศึกษา
93	67020209	เด็กหญิง	บุณณดา 	ผางจันทดา				\N	\N	\N	\N	\N	\N	\N	\N	\N	\N	\N	\N	\N	\N	\N	2025-02-04 14:58:06.118392	2025-02-04 14:58:06.118392	.	.	.	.	โต2	.	.	ณดา	เด็กโต	\N	\N	\N	\N	\N	\N	\N	\N	\N	\N	\N	\N	\N	\N	\N	กำลังศึกษา
95	67020211	เด็กชาย	ณพิชญ์ 	บุญกว้าง				\N	\N	\N	\N	\N	\N	\N	\N	\N	\N	\N	\N	\N	\N	\N	2025-02-04 14:59:15.749556	2025-02-04 14:59:15.749556	.	.	.	.	โต2	.	.	คริปโต	เด็กโต	\N	\N	\N	\N	\N	\N	\N	\N	\N	\N	\N	\N	\N	\N	\N	กำลังศึกษา
97	67020213	เด็กชาย	ธณัฏฐ์	 นามวงศ์				\N	\N	\N	\N	\N	\N	\N	\N	\N	\N	\N	\N	\N	\N	\N	2025-02-04 15:00:41.727176	2025-02-04 15:00:41.727176	.	.	.	.	โต2	.	.	ธีร์	เด็กโต	\N	\N	\N	\N	\N	\N	\N	\N	\N	\N	\N	\N	\N	\N	\N	กำลังศึกษา
99	67020215	เด็กชาย	อานันท์ 	อาฮูยา				\N	\N	\N	\N	\N	\N	\N	\N	\N	\N	\N	\N	\N	\N	\N	2025-02-04 15:02:32.01663	2025-02-04 15:02:32.01663	.	.	.	.	โต2	.	.	อานันท์	เด็กโต	\N	\N	\N	\N	\N	\N	\N	\N	\N	\N	\N	\N	\N	\N	\N	กำลังศึกษา
101	67020217	เด็กหญิง	อังสุจรีย์	ประทุมมา				\N	\N	\N	\N	\N	\N	\N	\N	\N	\N	\N	\N	\N	\N	\N	2025-02-04 15:03:38.513676	2025-02-04 15:03:38.513676	.	.	.	.	โต2	.	.	มีตังค์	เด็กโต	\N	\N	\N	\N	\N	\N	\N	\N	\N	\N	\N	\N	\N	\N	\N	กำลังศึกษา
103	67020219	เด็กหญิง	ประภาทาน	กรังสูงเนิน				\N	\N	\N	\N	\N	\N	\N	\N	\N	\N	\N	\N	\N	\N	\N	2025-02-04 15:06:40.414527	2025-02-04 15:06:40.414527	.	.	.	.	โต2	.	.	เอด้า	เด็กโต	\N	\N	\N	\N	\N	\N	\N	\N	\N	\N	\N	\N	\N	\N	\N	กำลังศึกษา
105	67020302	เด็กหญิง	ดาวิกา 	อิ่มสมบัติ				\N	\N	\N	\N	\N	\N	\N	\N	\N	\N	\N	\N	\N	\N	\N	2025-02-04 15:08:19.32553	2025-02-04 15:08:19.32553	.	.	.	.	โต3	.	.	ซีลีน	เด็กโต	\N	\N	\N	\N	\N	\N	\N	\N	\N	\N	\N	\N	\N	\N	\N	กำลังศึกษา
107	67020304	เด็กชาย	พิชญคุณ 	สิริเพาประดิษฐ์ 				\N	\N	\N	\N	\N	\N	\N	\N	\N	\N	\N	\N	\N	\N	\N	2025-02-04 15:09:26.398534	2025-02-04 15:09:26.398534	.	.	.	.	โต3	.	.	อาคิณ	เด็กโต	\N	\N	\N	\N	\N	\N	\N	\N	\N	\N	\N	\N	\N	\N	\N	กำลังศึกษา
109	67020306	เด็กหญิง	ณณิฎา 	เทพไทยา 				\N	\N	\N	\N	\N	\N	\N	\N	\N	\N	\N	\N	\N	\N	\N	2025-02-04 15:10:32.45352	2025-02-04 15:10:32.45352	.	.	.	.	โต3	.	.	ณิณีณ	เด็กโต	\N	\N	\N	\N	\N	\N	\N	\N	\N	\N	\N	\N	\N	\N	\N	กำลังศึกษา
111	67020308	เด็กชาย	ออมทรัพย์ 	ง่อนสว่าง				\N	\N	\N	\N	\N	\N	\N	\N	\N	\N	\N	\N	\N	\N	\N	2025-02-04 15:11:35.0594	2025-02-04 15:11:35.0594	.	.	.	.	โต3	.	.	หยางหยาง	เด็กโต	\N	\N	\N	\N	\N	\N	\N	\N	\N	\N	\N	\N	\N	\N	\N	กำลังศึกษา
113	67020310	เด็กหญิง	ชลิดา 	หนองนา				\N	\N	\N	\N	\N	\N	\N	\N	\N	\N	\N	\N	\N	\N	\N	2025-02-04 15:12:44.967484	2025-02-04 15:12:44.967484	.	.	.	.	โต3	.	.	ลิดา	เด็กโต	\N	\N	\N	\N	\N	\N	\N	\N	\N	\N	\N	\N	\N	\N	\N	กำลังศึกษา
115	67020312	เด็กหญิง	ณัฐณฎา 	ก้อนด้วง				\N	\N	\N	\N	\N	\N	\N	\N	\N	\N	\N	\N	\N	\N	\N	2025-02-04 15:13:58.513111	2025-02-04 15:13:58.513111	.	.	.	.	โต3	.	.	นดา	เด็กโต	\N	\N	\N	\N	\N	\N	\N	\N	\N	\N	\N	\N	\N	\N	\N	กำลังศึกษา
117	67020314	เด็กชาย	กิตตินันท์ 	โครตชมภู				\N	\N	\N	\N	\N	\N	\N	\N	\N	\N	\N	\N	\N	\N	\N	2025-02-04 15:15:36.533219	2025-02-04 15:15:36.533219	.	.	.	.	โต3	.	.	เพิ่มพูน	เด็กโต	\N	\N	\N	\N	\N	\N	\N	\N	\N	\N	\N	\N	\N	\N	\N	กำลังศึกษา
119	67020316	เด็กหญิง	สาริศา	 การกิจโอฬาร				\N	\N	\N	\N	\N	\N	\N	\N	\N	\N	\N	\N	\N	\N	\N	2025-02-04 16:06:19.977632	2025-02-04 16:06:19.977632	.	.	.	.	โต3	.	.	ปิ๊นปิ่น	เด็กโต	\N	\N	\N	\N	\N	\N	\N	\N	\N	\N	\N	\N	\N	\N	\N	กำลังศึกษา
121	67020318	เด็กชาย	เพชรจุฑา	วริวงศ์				\N	\N	\N	\N	\N	\N	\N	\N	\N	\N	\N	\N	\N	\N	\N	2025-02-04 16:07:34.196437	2025-02-04 16:07:34.196437	.	.	.	.	โต3	.	.	โอเว่น	เด็กโต	\N	\N	\N	\N	\N	\N	\N	\N	\N	\N	\N	\N	\N	\N	\N	กำลังศึกษา
123	67020401	เด็กชาย	อคิน 	ฟักศรี				\N	\N	\N	\N	\N	\N	\N	\N	\N	\N	\N	\N	\N	\N	\N	2025-02-04 16:09:45.57563	2025-02-04 16:09:45.57563	.	.	.	.	โต4	.	.	เอคิน	เด็กโต	\N	\N	\N	\N	\N	\N	\N	\N	\N	\N	\N	\N	\N	\N	\N	กำลังศึกษา
125	67020403	เด็กหญิง	อภิษฐา 	ทุ่งสว่าง				\N	\N	\N	\N	\N	\N	\N	\N	\N	\N	\N	\N	\N	\N	\N	2025-02-04 16:10:47.068426	2025-02-04 16:10:47.068426	.	.	.	.	โต4	.	.	ธีน่า	เด็กโต	\N	\N	\N	\N	\N	\N	\N	\N	\N	\N	\N	\N	\N	\N	\N	กำลังศึกษา
127	67020405	เด็กหญิง	ภลิตา 	เวศอุไร				\N	\N	\N	\N	\N	\N	\N	\N	\N	\N	\N	\N	\N	\N	\N	2025-02-04 16:12:13.253299	2025-02-04 16:12:13.253299	.	.	.	.	โต4	.	.	ลิตา	เด็กโต	\N	\N	\N	\N	\N	\N	\N	\N	\N	\N	\N	\N	\N	\N	\N	กำลังศึกษา
129	67020407	เด็กชาย	ชยพล 	ศรีน้อย				\N	\N	\N	\N	\N	\N	\N	\N	\N	\N	\N	\N	\N	\N	\N	2025-02-04 16:13:11.402248	2025-02-04 16:13:11.402248	.	.	.	.	โต4	.	.	จุน	เด็กโต	\N	\N	\N	\N	\N	\N	\N	\N	\N	\N	\N	\N	\N	\N	\N	กำลังศึกษา
131	67020409	เด็กชาย	กฤตภัค 	เมืองโคตร				\N	\N	\N	\N	\N	\N	\N	\N	\N	\N	\N	\N	\N	\N	\N	2025-02-04 16:14:10.331946	2025-02-04 16:14:10.331946	.	.	.	.	โต4	.	.	เต็นท์	เด็กโต	\N	\N	\N	\N	\N	\N	\N	\N	\N	\N	\N	\N	\N	\N	\N	กำลังศึกษา
133	67020411	เด็กหญิง	แอร์ลิษา 	สอนชา				\N	\N	\N	\N	\N	\N	\N	\N	\N	\N	\N	\N	\N	\N	\N	2025-02-04 16:15:07.533197	2025-02-04 16:15:07.533197	.	.	.	.	โต4	.	.	แอร์ลี่	เด็กโต	\N	\N	\N	\N	\N	\N	\N	\N	\N	\N	\N	\N	\N	\N	\N	กำลังศึกษา
135	67020413	เด็กหญิง	พัชชาณันท์ 	บาลชน				\N	\N	\N	\N	\N	\N	\N	\N	\N	\N	\N	\N	\N	\N	\N	2025-02-04 16:16:11.525858	2025-02-04 16:16:11.525858	.	.	.	.	โต4	.	.	จันทร์เจ้า	เด็กโต	\N	\N	\N	\N	\N	\N	\N	\N	\N	\N	\N	\N	\N	\N	\N	กำลังศึกษา
137	67020415	เด็กหญิง	พาขวัญ 	วรรณูปถัมภ์ 				\N	\N	\N	\N	\N	\N	\N	\N	\N	\N	\N	\N	\N	\N	\N	2025-02-04 16:17:11.486722	2025-02-04 16:17:11.486722	.	.	.	.	โต4	.	.	พายอาร์	เด็กโต	\N	\N	\N	\N	\N	\N	\N	\N	\N	\N	\N	\N	\N	\N	\N	กำลังศึกษา
139	67020417	เด็กหญิง	ชิรตา 	ดงแสนแก้ว				\N	\N	\N	\N	\N	\N	\N	\N	\N	\N	\N	\N	\N	\N	\N	2025-02-04 16:18:17.192587	2025-02-04 16:18:17.192587	.	.	.	.	โต4	.	.	ชีต้าร์	เด็กโต	\N	\N	\N	\N	\N	\N	\N	\N	\N	\N	\N	\N	\N	\N	\N	กำลังศึกษา
88	67020204	เด็กหญิง	ณิชานันท์ 	น้อยสุข				\N	\N	\N	\N	\N	\N	\N	\N	\N	\N	\N	\N	\N	\N	\N	2025-02-04 14:54:44.324465	2025-02-04 14:54:44.324465	.	.	.	.	โต2	.	.	เฌอแตม	เด็กโต	\N	\N	\N	\N	\N	\N	\N	\N	\N	\N	\N	\N	\N	\N	\N	กำลังศึกษา
91	67020207	เด็กชาย	รวินทร 	งามศักดิ์				\N	\N	\N	\N	\N	\N	\N	\N	\N	\N	\N	\N	\N	\N	\N	2025-02-04 14:56:40.393332	2025-02-04 14:56:40.393332	.	.	.	.	โต2	.	.	เร็น	เด็กโต	\N	\N	\N	\N	\N	\N	\N	\N	\N	\N	\N	\N	\N	\N	\N	กำลังศึกษา
94	67020210	เด็กชาย	จิรคุณ 	จำปาปุ้ง				\N	\N	\N	\N	\N	\N	\N	\N	\N	\N	\N	\N	\N	\N	\N	2025-02-04 14:58:41.298557	2025-02-04 14:58:41.298557	.	.	.	.	โต2	.	.	โฟโต้	เด็กโต	\N	\N	\N	\N	\N	\N	\N	\N	\N	\N	\N	\N	\N	\N	\N	กำลังศึกษา
96	67020212	เด็กหญิง	ลลิษา 	รอดอุตม์				\N	\N	\N	\N	\N	\N	\N	\N	\N	\N	\N	\N	\N	\N	\N	2025-02-04 15:00:06.612682	2025-02-04 15:00:06.612682	.	.	.	.	โต2	.	.	ปันปัน	เด็กโต	\N	\N	\N	\N	\N	\N	\N	\N	\N	\N	\N	\N	\N	\N	\N	กำลังศึกษา
98	67020214	เด็กหญิง	พุดชมพู 	นวลงาม				\N	\N	\N	\N	\N	\N	\N	\N	\N	\N	\N	\N	\N	\N	\N	2025-02-04 15:01:58.676698	2025-02-04 15:01:58.676698	.	.	.	.	โต2	.	.	พุด	เด็กโต	\N	\N	\N	\N	\N	\N	\N	\N	\N	\N	\N	\N	\N	\N	\N	กำลังศึกษา
100	67020216	เด็กชาย	ฐานทัพ 	แก้วตา				\N	\N	\N	\N	\N	\N	\N	\N	\N	\N	\N	\N	\N	\N	\N	2025-02-04 15:03:03.134435	2025-02-04 15:03:03.134435	.	.	.	.	โต2	.	.	ตงตง	เด็กโต	\N	\N	\N	\N	\N	\N	\N	\N	\N	\N	\N	\N	\N	\N	\N	กำลังศึกษา
102	67020218	เด็กชาย	วศิน	ศรีวรเดชไพศาล				\N	\N	\N	\N	\N	\N	\N	\N	\N	\N	\N	\N	\N	\N	\N	2025-02-04 15:06:03.71656	2025-02-04 15:06:03.71656	.	.	.	.	โต2	.	.	ศิน	เด็กโต	\N	\N	\N	\N	\N	\N	\N	\N	\N	\N	\N	\N	\N	\N	\N	กำลังศึกษา
49	2	เด็กหญิง	มีสุข	 ดีบุญมี ณ ชุมแพ		.	.	\N	\N	\N	\N	\N	\N	\N	\N	\N	\N	\N	\N	\N	\N	\N	2025-01-29 13:38:28.787775	2025-01-29 13:38:28.787775	.	.	.	.	กลาง1	.	.	มีสุข	เด็กกลาง	\N	\N	\N	\N	\N	\N	\N	\N	\N	\N	\N	\N	\N	\N	\N	กำลังศึกษา
104	67020301	เด็กชาย	ภกร	 ผุยน้อย				\N	\N	\N	\N	\N	\N	\N	\N	\N	\N	\N	\N	\N	\N	\N	2025-02-04 15:07:46.736077	2025-02-04 15:07:46.736077	.	.	.	.	โต3	.	.	ทาชิ	เด็กโต	\N	\N	\N	\N	\N	\N	\N	\N	\N	\N	\N	\N	\N	\N	\N	กำลังศึกษา
106	67020303	เด็กชาย	ธันวา 	ทัศนจินดา				\N	\N	\N	\N	\N	\N	\N	\N	\N	\N	\N	\N	\N	\N	\N	2025-02-04 15:08:51.126542	2025-02-04 15:08:51.126542	.	.	.	.	โต3	.	.	ธันวา	เด็กโต	\N	\N	\N	\N	\N	\N	\N	\N	\N	\N	\N	\N	\N	\N	\N	กำลังศึกษา
52	5	เด็กหญิง	รัญชน์รวี	 จุตาทิศ		.	.	\N	\N	\N	\N	\N	\N	\N	\N	\N	\N	\N	\N	\N	\N	\N	2025-01-29 13:42:01.727816	2025-01-29 13:42:01.727816	.	.	.	.	กลาง1	.	.	ชีต้าห์	เด็กกลาง	\N	\N	\N	\N	\N	\N	\N	\N	\N	\N	\N	\N	\N	\N	\N	กำลังศึกษา
108	67020305	เด็กหญิง	กัญจน์อมล 	ซาทา				\N	\N	\N	\N	\N	\N	\N	\N	\N	\N	\N	\N	\N	\N	\N	2025-02-04 15:09:56.957644	2025-02-04 15:09:56.957644	.	.	.	.	โต3	.	.	เฟย์มีน	เด็กโต	\N	\N	\N	\N	\N	\N	\N	\N	\N	\N	\N	\N	\N	\N	\N	กำลังศึกษา
55	8	เด็กชาย	พร้อมบุญ 	 บุญโชติ		.	.	\N	\N	\N	\N	\N	\N	\N	\N	\N	\N	\N	\N	\N	\N	\N	2025-01-29 13:45:59.638365	2025-01-29 13:45:59.638365	.	.	.	.	กลาง1	.	.	ฮาเปอร์	เด็กกลาง	\N	\N	\N	\N	\N	\N	\N	\N	\N	\N	\N	\N	\N	\N	\N	กำลังศึกษา
58	11	เด็กหญิง	ปันสุข	 บำรุงสุข		.	.	\N	\N	\N	\N	\N	\N	\N	\N	\N	\N	\N	\N	\N	\N	\N	2025-01-29 13:47:55.644813	2025-01-29 13:47:55.644813	.	.	.	.	กลาง1	.	.	กอเอ๋ย	เด็กกลาง	\N	\N	\N	\N	\N	\N	\N	\N	\N	\N	\N	\N	\N	\N	\N	กำลังศึกษา
61	14	เด็กหญิง	ณชามา	 รินทะไชย		.	.	\N	\N	\N	\N	\N	\N	\N	\N	\N	\N	\N	\N	\N	\N	\N	2025-01-29 13:50:03.195854	2025-01-29 13:50:03.195854	.	.	.	.	กลาง1	.	.	ชามา	เด็กกลาง	\N	\N	\N	\N	\N	\N	\N	\N	\N	\N	\N	\N	\N	\N	\N	กำลังศึกษา
110	67020307	เด็กชาย	ภัทรวรรธน์ 	ต้นไพโรจน์				\N	\N	\N	\N	\N	\N	\N	\N	\N	\N	\N	\N	\N	\N	\N	2025-02-04 15:11:05.87857	2025-02-04 15:11:05.87857	.	.	.	.	โต3	.	.	จีน	เด็กโต	\N	\N	\N	\N	\N	\N	\N	\N	\N	\N	\N	\N	\N	\N	\N	กำลังศึกษา
132	67020410	เด็กชาย	ณัฐเจษฎ์ 	โพธิ์สม				\N	\N	\N	\N	\N	\N	\N	\N	\N	\N	\N	\N	\N	\N	\N	2025-02-04 16:14:36.88379	2025-02-04 16:14:36.88379	.	.	.	.	โต4	.	.	ฌอน	เด็กโต	\N	\N	\N	\N	\N	\N	\N	\N	\N	\N	\N	\N	\N	\N	\N	กำลังศึกษา
67	67020102	เด็กชาย	ปุณณพัฒณ์ 	มีแสง				\N	\N	\N	\N	\N	\N	\N	\N	\N	\N	\N	\N	\N	\N	\N	2025-02-04 14:30:59.361009	2025-02-04 14:30:59.361009	.	.	.	.	โต1	.	.	ปุณณ์	เด็กโต	\N	\N	\N	\N	\N	\N	\N	\N	\N	\N	\N	\N	\N	\N	\N	กำลังศึกษา
70	67020105	เด็กหญิง	คัธลีน 	สง่า ฟอสเตอร์				\N	\N	\N	\N	\N	\N	\N	\N	\N	\N	\N	\N	\N	\N	\N	2025-02-04 14:33:31.62942	2025-02-04 14:33:31.62942	.	.	.	.	โต1	.	.	คัธลีน 	เด็กโต	\N	\N	\N	\N	\N	\N	\N	\N	\N	\N	\N	\N	\N	\N	\N	กำลังศึกษา
73	67020108	เด็กชาย	เลชวิณ	 ผือโย				\N	\N	\N	\N	\N	\N	\N	\N	\N	\N	\N	\N	\N	\N	\N	2025-02-04 14:36:30.66945	2025-02-04 14:36:30.66945	.	..	.	.	โต1	.	.	เลก้า	เด็กโต	\N	\N	\N	\N	\N	\N	\N	\N	\N	\N	\N	\N	\N	\N	\N	กำลังศึกษา
76	67020111	เด็กชาย	อรรถนพ 	โม้กุดแอก				\N	\N	\N	\N	\N	\N	\N	\N	\N	\N	\N	\N	\N	\N	\N	2025-02-04 14:38:08.684108	2025-02-04 14:38:08.684108	.	.	.	.	โต1	.	.	มอแกนร์	เด็กโต	\N	\N	\N	\N	\N	\N	\N	\N	\N	\N	\N	\N	\N	\N	\N	กำลังศึกษา
112	67020309	เด็กชาย	ณธัช 	ธรรมโนจิต				\N	\N	\N	\N	\N	\N	\N	\N	\N	\N	\N	\N	\N	\N	\N	2025-02-04 15:12:11.308301	2025-02-04 15:12:11.308301	.	.	.	.	โต3	.	.	คีน	เด็กโต	\N	\N	\N	\N	\N	\N	\N	\N	\N	\N	\N	\N	\N	\N	\N	กำลังศึกษา
79	67020114	เด็กหญิง	พิชามญชุ์ 	กุสุมาลย์				\N	\N	\N	\N	\N	\N	\N	\N	\N	\N	\N	\N	\N	\N	\N	2025-02-04 14:39:40.854035	2025-02-04 14:39:40.854035	.	.	.	.	โต1	.	.	กิ่ง	เด็กโต	\N	\N	\N	\N	\N	\N	\N	\N	\N	\N	\N	\N	\N	\N	\N	กำลังศึกษา
82	67020117	เด็กหญิง	พิมพ์ศา	รักษาสัตย์				\N	\N	\N	\N	\N	\N	\N	\N	\N	\N	\N	\N	\N	\N	\N	2025-02-04 14:42:06.336265	2025-02-04 14:42:06.336265	.	.	.	.	โต1	.	.	พลอย	เด็กโต	\N	\N	\N	\N	\N	\N	\N	\N	\N	\N	\N	\N	\N	\N	\N	กำลังศึกษา
85	67020201	เด็กหญิง	ปราณปรียา 	ไชยโภชน์				\N	\N	\N	\N	\N	\N	\N	\N	\N	\N	\N	\N	\N	\N	\N	2025-02-04 14:52:33.550181	2025-02-04 14:52:33.550181	.	.	.	.	โต2	.	.	นิทาน	เด็กโต	\N	\N	\N	\N	\N	\N	\N	\N	\N	\N	\N	\N	\N	\N	\N	กำลังศึกษา
114	67020311	เด็กชาย	ภาคิน 	สันประเทศ				\N	\N	\N	\N	\N	\N	\N	\N	\N	\N	\N	\N	\N	\N	\N	2025-02-04 15:13:28.582225	2025-02-04 15:13:28.582225	.	.	.	.	โต3	.	.	ไทจิ	เด็กโต	\N	\N	\N	\N	\N	\N	\N	\N	\N	\N	\N	\N	\N	\N	\N	กำลังศึกษา
116	67020313	เด็กหญิง	ภัทรร์วี 	โรจนรุ่งเรืองพร				\N	\N	\N	\N	\N	\N	\N	\N	\N	\N	\N	\N	\N	\N	\N	2025-02-04 15:15:02.57579	2025-02-04 15:15:02.57579	.	.	.	.	โต3	.	.	ใบบัว	เด็กโต	\N	\N	\N	\N	\N	\N	\N	\N	\N	\N	\N	\N	\N	\N	\N	กำลังศึกษา
118	67020315	เด็กหญิง	อัญธิญา	 เจริญพันธ์				\N	\N	\N	\N	\N	\N	\N	\N	\N	\N	\N	\N	\N	\N	\N	2025-02-04 16:05:14.879383	2025-02-04 16:05:14.879383	.	.	.	.	โต3	.	.	อัญญ่า	เด็กโต	\N	\N	\N	\N	\N	\N	\N	\N	\N	\N	\N	\N	\N	\N	\N	กำลังศึกษา
120	67020317	เด็กชาย	ธมน 	พงษ์ภิญญากุล				\N	\N	\N	\N	\N	\N	\N	\N	\N	\N	\N	\N	\N	\N	\N	2025-02-04 16:06:54.553726	2025-02-04 16:06:54.553726	.	.	.	.	โต3	.	.	ณคุณ	เด็กโต	\N	\N	\N	\N	\N	\N	\N	\N	\N	\N	\N	\N	\N	\N	\N	กำลังศึกษา
122	67020319	เด็กหญิง	ชณาภัท	โสมอินทร์				\N	\N	\N	\N	\N	\N	\N	\N	\N	\N	\N	\N	\N	\N	\N	2025-02-04 16:08:07.92232	2025-02-04 16:08:07.92232	.	.	.	.	โต3	.	.	เบลล่า	เด็กโต	\N	\N	\N	\N	\N	\N	\N	\N	\N	\N	\N	\N	\N	\N	\N	กำลังศึกษา
124	67020402	เด็กหญิง	นริศา 	ไกรปัญญาพันธ์				\N	\N	\N	\N	\N	\N	\N	\N	\N	\N	\N	\N	\N	\N	\N	2025-02-04 16:10:15.696352	2025-02-04 16:10:15.696352	.	.	.	.	โต4	.	.	พะแนง	เด็กโต	\N	\N	\N	\N	\N	\N	\N	\N	\N	\N	\N	\N	\N	\N	\N	กำลังศึกษา
126	67020404	เด็กชาย	พริษฐากร 	ด้วงคำจันทร์ 				\N	\N	\N	\N	\N	\N	\N	\N	\N	\N	\N	\N	\N	\N	\N	2025-02-04 16:11:38.849047	2025-02-04 16:11:38.849047	.	.	.	.	โต4	.	.	หมีไบร์ท	เด็กโต	\N	\N	\N	\N	\N	\N	\N	\N	\N	\N	\N	\N	\N	\N	\N	กำลังศึกษา
128	67020406	เด็กหญิง	สโลชา 	เกษมราษณ์				\N	\N	\N	\N	\N	\N	\N	\N	\N	\N	\N	\N	\N	\N	\N	2025-02-04 16:12:40.805811	2025-02-04 16:12:40.805811	.	.	.	.	โต4	.	.	อินโฟ	เด็กโต	\N	\N	\N	\N	\N	\N	\N	\N	\N	\N	\N	\N	\N	\N	\N	กำลังศึกษา
130	67020408	เด็กชาย	รุ่งกวิน 	เมืองหลวง				\N	\N	\N	\N	\N	\N	\N	\N	\N	\N	\N	\N	\N	\N	\N	2025-02-04 16:13:43.196107	2025-02-04 16:13:43.196107	.	.	.	.	โต4	.	.	ค็อปเปอร์	เด็กโต	\N	\N	\N	\N	\N	\N	\N	\N	\N	\N	\N	\N	\N	\N	\N	กำลังศึกษา
134	67020412	เด็กชาย	ภาริช 	นพคุณวงศ์				\N	\N	\N	\N	\N	\N	\N	\N	\N	\N	\N	\N	\N	\N	\N	2025-02-04 16:15:36.782494	2025-02-04 16:15:36.782494	.	.	.	.	โต4	.	.	ภีช	เด็กโต	\N	\N	\N	\N	\N	\N	\N	\N	\N	\N	\N	\N	\N	\N	\N	กำลังศึกษา
136	67020414	เด็กชาย	อคิราห์ 	ชัยอมฤต				\N	\N	\N	\N	\N	\N	\N	\N	\N	\N	\N	\N	\N	\N	\N	2025-02-04 16:16:40.099394	2025-02-04 16:16:40.099394	.	.	.	.	โต4	.	.	แบลี่	เด็กโต	\N	\N	\N	\N	\N	\N	\N	\N	\N	\N	\N	\N	\N	\N	\N	กำลังศึกษา
138	67020416	เด็กชาย	ขุนเขา 	ประชาคง				\N	\N	\N	\N	\N	\N	\N	\N	\N	\N	\N	\N	\N	\N	\N	2025-02-04 16:17:41.512564	2025-02-04 16:17:41.512564	.	.	.	.	โต4	.	.	ปลาเก๋า	เด็กโต	\N	\N	\N	\N	\N	\N	\N	\N	\N	\N	\N	\N	\N	\N	\N	กำลังศึกษา
140	67020418	เด็กชาย	นลโชต	ภิญโญสักดิ์				\N	\N	\N	\N	\N	\N	\N	\N	\N	\N	\N	\N	\N	\N	\N	2025-02-04 16:18:47.365514	2025-02-04 16:18:47.365514	.	.	.	.	โต4	.	.	แตงโม	เด็กโต	\N	\N	\N	\N	\N	\N	\N	\N	\N	\N	\N	\N	\N	\N	\N	กำลังศึกษา
141	67020419	เด็กหญิง	พราวลลิณ	แก้วมีชัย				\N	\N	\N	\N	\N	\N	\N	\N	\N	\N	\N	\N	\N	\N	\N	2025-02-04 16:19:21.53669	2025-02-04 16:19:21.53669	.	.	.	.	โต4	.	.	มะมิ้ง	เด็กโต	\N	\N	\N	\N	\N	\N	\N	\N	\N	\N	\N	\N	\N	\N	\N	กำลังศึกษา
142	67020420	เด็กชาย	พรรธน์ชนนน	ป้องบ้านเรือน				\N	\N	\N	\N	\N	\N	\N	\N	\N	\N	\N	\N	\N	\N	\N	2025-02-04 16:20:00.954265	2025-02-04 16:20:00.954265	.	.	.	.	โต4	.	.	แอร์พอร์ท	เด็กโต	\N	\N	\N	\N	\N	\N	\N	\N	\N	\N	\N	\N	\N	\N	\N	กำลังศึกษา
143	67020501	เด็กหญิง	พัชรนันท์ 	ตรงดี				\N	\N	\N	\N	\N	\N	\N	\N	\N	\N	\N	\N	\N	\N	\N	2025-02-04 16:20:51.786921	2025-02-04 16:20:51.786921	.	.	.	.	โต5	.	.	แพรไหม	เด็กโต	\N	\N	\N	\N	\N	\N	\N	\N	\N	\N	\N	\N	\N	\N	\N	กำลังศึกษา
144	67020502	เด็กหญิง	พิชชาธรณ์	 น้อยตะพันธ์				\N	\N	\N	\N	\N	\N	\N	\N	\N	\N	\N	\N	\N	\N	\N	2025-02-04 16:21:22.492838	2025-02-04 16:21:22.492838	.	.	.	.	โต5	.	.	เมเปิ้ล	เด็กโต	\N	\N	\N	\N	\N	\N	\N	\N	\N	\N	\N	\N	\N	\N	\N	กำลังศึกษา
145	67020503	เด็กชาย	ณธรรศกร 	พระสว่าง				\N	\N	\N	\N	\N	\N	\N	\N	\N	\N	\N	\N	\N	\N	\N	2025-02-04 16:21:52.985606	2025-02-04 16:21:52.985606	.	.	.	.	โต5	.	.	ริวจิน	เด็กโต	\N	\N	\N	\N	\N	\N	\N	\N	\N	\N	\N	\N	\N	\N	\N	กำลังศึกษา
146	67020504	เด็กหญิง	ลลิตา 	สุวรรณรัตน์				\N	\N	\N	\N	\N	\N	\N	\N	\N	\N	\N	\N	\N	\N	\N	2025-02-04 16:22:23.484733	2025-02-04 16:22:23.484733	.	.	.	.	โต5	.	.	ขนมปัง	เด็กโต	\N	\N	\N	\N	\N	\N	\N	\N	\N	\N	\N	\N	\N	\N	\N	กำลังศึกษา
147	67020505	เด็กชาย	ปัณณทัต 	อโนวัน				\N	\N	\N	\N	\N	\N	\N	\N	\N	\N	\N	\N	\N	\N	\N	2025-02-04 16:22:50.680168	2025-02-04 16:22:50.680168	.	.	.	.	โต5	.	.	ปัณ	เด็กโต	\N	\N	\N	\N	\N	\N	\N	\N	\N	\N	\N	\N	\N	\N	\N	กำลังศึกษา
148	67020506	เด็กชาย	พิชญะ 	สุขวาณิชวิชัย				\N	\N	\N	\N	\N	\N	\N	\N	\N	\N	\N	\N	\N	\N	\N	2025-02-04 16:23:29.591987	2025-02-04 16:23:29.591987	.	.	.	.	โต5	.	.	พาสเวิร์ด	เด็กโต	\N	\N	\N	\N	\N	\N	\N	\N	\N	\N	\N	\N	\N	\N	\N	กำลังศึกษา
149	67020507	เด็กชาย	กุลธนัช 	เหล่าวงษา				\N	\N	\N	\N	\N	\N	\N	\N	\N	\N	\N	\N	\N	\N	\N	2025-02-04 16:23:57.964371	2025-02-04 16:23:57.964371	.	.	.	.	โต5	.	.	เก็นตะ	เด็กโต	\N	\N	\N	\N	\N	\N	\N	\N	\N	\N	\N	\N	\N	\N	\N	กำลังศึกษา
150	67020508	เด็กชาย	ศานติภักดิ์	 นักมวย				67020508	\N	\N	\N	\N	\N	\N	\N	\N	\N	\N	\N	\N	\N	\N	2025-02-04 16:24:36.779461	2025-02-04 16:24:36.779461	.	.	.	.	โต5	.	.	กู๊ดเวล	เด็กโต	\N	\N	\N	\N	\N	\N	\N	\N	\N	\N	\N	\N	\N	\N	\N	กำลังศึกษา
151	67020509	เด็กหญิง	ธาราชนก	 เวียงสีมา				\N	\N	\N	\N	\N	\N	\N	\N	\N	\N	\N	\N	\N	\N	\N	2025-02-04 16:25:06.580658	2025-02-04 16:25:06.580658	.	.	.	.	โต5	.	.	ยูกะ	เด็กโต	\N	\N	\N	\N	\N	\N	\N	\N	\N	\N	\N	\N	\N	\N	\N	กำลังศึกษา
152	67020510	เด็กชาย	บุญญาภัทร 	บุณยรัตพันธุ์				\N	\N	\N	\N	\N	\N	\N	\N	\N	\N	\N	\N	\N	\N	\N	2025-02-04 16:25:33.715631	2025-02-04 16:25:33.715631	.	.	.	.	โต5	.	.	ตะวัน	เด็กโต	\N	\N	\N	\N	\N	\N	\N	\N	\N	\N	\N	\N	\N	\N	\N	กำลังศึกษา
153	67020511	เด็กหญิง	สิตารา 	พันธุ์จินดาวรรณ				\N	\N	\N	\N	\N	\N	\N	\N	\N	\N	\N	\N	\N	\N	\N	2025-02-04 16:26:02.010867	2025-02-04 16:26:02.010867	.	.	.	.	โต5	.	.	ไอยู	เด็กโต	\N	\N	\N	\N	\N	\N	\N	\N	\N	\N	\N	\N	\N	\N	\N	กำลังศึกษา
154	67020512	เด็กหญิง	นันท์นภัส 	ธรรมอธิวิทย์				\N	\N	\N	\N	\N	\N	\N	\N	\N	\N	\N	\N	\N	\N	\N	2025-02-04 16:26:30.045622	2025-02-04 16:26:30.045622	.	.	.	.	โต5	.	.	ป่าน	เด็กโต	\N	\N	\N	\N	\N	\N	\N	\N	\N	\N	\N	\N	\N	\N	\N	กำลังศึกษา
155	67020513	เด็กชาย	วชิรวัชร์ 	ชาญกัน				\N	\N	\N	\N	\N	\N	\N	\N	\N	\N	\N	\N	\N	\N	\N	2025-02-04 16:27:03.335175	2025-02-04 16:27:03.335175	.	.	.	.	โต5	.	.	อาร์เธอร์	เด็กโต	\N	\N	\N	\N	\N	\N	\N	\N	\N	\N	\N	\N	\N	\N	\N	กำลังศึกษา
156	67020514	เด็กหญิง	นิชาภัส	พูลสวัสดิ์				\N	\N	\N	\N	\N	\N	\N	\N	\N	\N	\N	\N	\N	\N	\N	2025-02-04 16:27:33.843813	2025-02-04 16:27:33.843813	.	.	.	.	โต5	.	.	ณิชา	เด็กโต	\N	\N	\N	\N	\N	\N	\N	\N	\N	\N	\N	\N	\N	\N	\N	กำลังศึกษา
157	67020515	เด็กหญิง	กาญจน์ณัฏฐา 	รักดวงพุ่ม				\N	\N	\N	\N	\N	\N	\N	\N	\N	\N	\N	\N	\N	\N	\N	2025-02-04 16:28:08.926536	2025-02-04 16:28:08.926536	.	.	.	.	โต5	.	.	เอลลี่	เด็กโต	\N	\N	\N	\N	\N	\N	\N	\N	\N	\N	\N	\N	\N	\N	\N	กำลังศึกษา
158	67020516	เด็กชาย	พัชระ	 อ่อนลา				\N	\N	\N	\N	\N	\N	\N	\N	\N	\N	\N	\N	\N	\N	\N	2025-02-04 16:28:35.798009	2025-02-04 16:28:35.798009	.	.	.	.	โต5	.	.	กะตังค์	เด็กโต	\N	\N	\N	\N	\N	\N	\N	\N	\N	\N	\N	\N	\N	\N	\N	กำลังศึกษา
159	67020517	เด็กชาย	ไตรวิชญ์ 	มะณี				\N	\N	\N	\N	\N	\N	\N	\N	\N	\N	\N	\N	\N	\N	\N	2025-02-04 16:29:01.608503	2025-02-04 16:29:01.608503	.	.	.	.	โต5	.	.	ตุล	เด็กโต	\N	\N	\N	\N	\N	\N	\N	\N	\N	\N	\N	\N	\N	\N	\N	กำลังศึกษา
160	67020518	เด็กหญิง	นีนนารา 	สุขะหา				\N	\N	\N	\N	\N	\N	\N	\N	\N	\N	\N	\N	\N	\N	\N	2025-02-04 16:29:32.090991	2025-02-04 16:29:32.090991	.	.	.	.	โต5	.	.	ปลาวาฬ	เด็กโต	\N	\N	\N	\N	\N	\N	\N	\N	\N	\N	\N	\N	\N	\N	\N	กำลังศึกษา
161	67020519	เด็กชาย	ธนกฤต	ศรีวรกุล				\N	\N	\N	\N	\N	\N	\N	\N	\N	\N	\N	\N	\N	\N	\N	2025-02-04 16:30:08.292928	2025-02-04 16:30:08.292928	.	.	.	.	โต5	.	.	กวิน	เด็กโต	\N	\N	\N	\N	\N	\N	\N	\N	\N	\N	\N	\N	\N	\N	\N	กำลังศึกษา
162	67020520	เด็กหญิง	กัญญณัช	ทิพรักษ์				\N	\N	\N	\N	\N	\N	\N	\N	\N	\N	\N	\N	\N	\N	\N	2025-02-04 16:30:37.952127	2025-02-04 16:30:37.952127	.	.	.	.	โต5	.	.	เบสเตอร์	เด็กโต	\N	\N	\N	\N	\N	\N	\N	\N	\N	\N	\N	\N	\N	\N	\N	กำลังศึกษา
163	67020601	เด็กหญิง	ลลิณ	 ศิลารัตน์				\N	\N	\N	\N	\N	\N	\N	\N	\N	\N	\N	\N	\N	\N	\N	2025-02-04 16:31:49.229786	2025-02-04 16:31:49.229786	.	.	.	.	โต6	.	.	ลลิณ	เด็กโต	\N	\N	\N	\N	\N	\N	\N	\N	\N	\N	\N	\N	\N	\N	\N	กำลังศึกษา
164	67020602	เด็กหญิง	นันท์นภัส 	ธงชัย				\N	\N	\N	\N	\N	\N	\N	\N	\N	\N	\N	\N	\N	\N	\N	2025-02-04 16:32:23.364319	2025-02-04 16:32:23.364319	.	.	.	.	โต6	.	.	พรีม	เด็กโต	\N	\N	\N	\N	\N	\N	\N	\N	\N	\N	\N	\N	\N	\N	\N	กำลังศึกษา
165	67020603	เด็กชาย	ณัฏกฤตา	 ธรรมมะ				\N	\N	\N	\N	\N	\N	\N	\N	\N	\N	\N	\N	\N	\N	\N	2025-02-04 16:33:00.405972	2025-02-04 16:33:00.405972	.	.	.	.	โต6	.	.	อิ่มสุข	เด็กโต	\N	\N	\N	\N	\N	\N	\N	\N	\N	\N	\N	\N	\N	\N	\N	กำลังศึกษา
166	67020604	เด็กหญิง	นันทวดี 	ภูผากาย				\N	\N	\N	\N	\N	\N	\N	\N	\N	\N	\N	\N	\N	\N	\N	2025-02-04 16:33:37.081886	2025-02-04 16:33:37.081886	.	.	.	.	โต6	.	.	เพียงฟ้า	เด็กโต	\N	\N	\N	\N	\N	\N	\N	\N	\N	\N	\N	\N	\N	\N	\N	กำลังศึกษา
167	67020605	เด็กชาย	พงษ์พศิน 	บุบผามาลัย				\N	\N	\N	\N	\N	\N	\N	\N	\N	\N	\N	\N	\N	\N	\N	2025-02-04 16:34:03.271758	2025-02-04 16:34:03.271758	.	.	.	.	โต6	.	.	วินนิ่ง	เด็กโต	\N	\N	\N	\N	\N	\N	\N	\N	\N	\N	\N	\N	\N	\N	\N	กำลังศึกษา
168	67020606	เด็กชาย	กันตเมศฐ์ 	แก้วสืบธัญนิจ				\N	\N	\N	\N	\N	\N	\N	\N	\N	\N	\N	\N	\N	\N	\N	2025-02-04 16:34:29.688076	2025-02-04 16:34:29.688076	.	.	.	.	โต6	.	.	นำทัพ	เด็กโต	\N	\N	\N	\N	\N	\N	\N	\N	\N	\N	\N	\N	\N	\N	\N	กำลังศึกษา
169	67020607	เด็กหญิง	ภิญญาพัชญ์ 	ภิญโญทรัพย์				\N	\N	\N	\N	\N	\N	\N	\N	\N	\N	\N	\N	\N	\N	\N	2025-02-04 16:34:59.110407	2025-02-04 16:34:59.110407	.	.	.	.	โต6	.	.	เฌอลินน์	เด็กโต	\N	\N	\N	\N	\N	\N	\N	\N	\N	\N	\N	\N	\N	\N	\N	กำลังศึกษา
170	67020608	เด็กหญิง	ณัฐณิชา 	อินทร์ทอง				\N	\N	\N	\N	\N	\N	\N	\N	\N	\N	\N	\N	\N	\N	\N	2025-02-04 16:35:26.762946	2025-02-04 16:35:26.762946	.	.	.	.	โต6	.	.	ณิชา	เด็กโต	\N	\N	\N	\N	\N	\N	\N	\N	\N	\N	\N	\N	\N	\N	\N	กำลังศึกษา
171	67020609	เด็กชาย	กฤตภัค	พาชิยานุกุล				\N	\N	\N	\N	\N	\N	\N	\N	\N	\N	\N	\N	\N	\N	\N	2025-02-04 16:36:01.10038	2025-02-04 16:36:01.10038	.	.	.	.	โต6	.	.	เรย์เรย์	เด็กโต	\N	\N	\N	\N	\N	\N	\N	\N	\N	\N	\N	\N	\N	\N	\N	กำลังศึกษา
172	67020610	เด็กชาย	ศิริปภาพัฒน์ 	ธรรมดี				\N	\N	\N	\N	\N	\N	\N	\N	\N	\N	\N	\N	\N	\N	\N	2025-02-04 16:36:31.034992	2025-02-04 16:36:31.034992	.	.	.	.	โต6	.	.	เซนโซ่	เด็กโต	\N	\N	\N	\N	\N	\N	\N	\N	\N	\N	\N	\N	\N	\N	\N	กำลังศึกษา
173	67020611	เด็กชาย	ชวิศ 	เลิศจันทวงศ์				\N	\N	\N	\N	\N	\N	\N	\N	\N	\N	\N	\N	\N	\N	\N	2025-02-04 16:37:00.602267	2025-02-04 16:37:00.602267	.	.	.	.	โต6	.	.	ชวิศ	เด็กโต	\N	\N	\N	\N	\N	\N	\N	\N	\N	\N	\N	\N	\N	\N	\N	กำลังศึกษา
174	67020612	เด็กหญิง	ศิริญญา 	มหาโยธา				\N	\N	\N	\N	\N	\N	\N	\N	\N	\N	\N	\N	\N	\N	\N	2025-02-04 16:37:25.212764	2025-02-04 16:37:25.212764	.	.	.	.	โต6	.	.	อลิต้า	เด็กโต	\N	\N	\N	\N	\N	\N	\N	\N	\N	\N	\N	\N	\N	\N	\N	กำลังศึกษา
175	67020613	เด็กชาย	ชัยบดินทร์ 	ไตรทิพย์ 				\N	\N	\N	\N	\N	\N	\N	\N	\N	\N	\N	\N	\N	\N	\N	2025-02-04 16:38:13.042226	2025-02-04 16:38:13.042226	.	.	.	.	โต6	.	.	ปรินซ์	เด็กโต	\N	\N	\N	\N	\N	\N	\N	\N	\N	\N	\N	\N	\N	\N	\N	กำลังศึกษา
176	67020614	เด็กชาย	ธนกฤต 	ลีลานุช				\N	\N	\N	\N	\N	\N	\N	\N	\N	\N	\N	\N	\N	\N	\N	2025-02-04 16:38:42.970185	2025-02-04 16:38:42.970185	.	.	.	.	โต6	.	.	มายเนม	เด็กโต	\N	\N	\N	\N	\N	\N	\N	\N	\N	\N	\N	\N	\N	\N	\N	กำลังศึกษา
177	67020615	เด็กหญิง	อรภิญญา 	วายุเลิศมนตรี				\N	\N	\N	\N	\N	\N	\N	\N	\N	\N	\N	\N	\N	\N	\N	2025-02-04 16:39:10.920706	2025-02-04 16:39:10.920706	.	.	.	.	โต6	.	.	รีณ่า	เด็กโต	\N	\N	\N	\N	\N	\N	\N	\N	\N	\N	\N	\N	\N	\N	\N	กำลังศึกษา
178	67020616	เด็กชาย	ณัฐเศรษฐ 	อนุศรี				\N	\N	\N	\N	\N	\N	\N	\N	\N	\N	\N	\N	\N	\N	\N	2025-02-04 16:39:37.187786	2025-02-04 16:39:37.187786	.	.	.	.	โต6	.	.	ติณณ์	เด็กโต	\N	\N	\N	\N	\N	\N	\N	\N	\N	\N	\N	\N	\N	\N	\N	กำลังศึกษา
179	67020617	เด็กหญิง	อารียา 	รัศมีมณีพงษ์				\N	\N	\N	\N	\N	\N	\N	\N	\N	\N	\N	\N	\N	\N	\N	2025-02-04 16:40:00.532086	2025-02-04 16:40:00.532086	.	.	.	.	โต6	.	.	โอปอล	เด็กโต	\N	\N	\N	\N	\N	\N	\N	\N	\N	\N	\N	\N	\N	\N	\N	กำลังศึกษา
180	67020618	เด็กชาย	ชินาธิป	ปิวรัตน์				\N	\N	\N	\N	\N	\N	\N	\N	\N	\N	\N	\N	\N	\N	\N	2025-02-04 16:40:30.569987	2025-02-04 16:40:30.569987	.	.	.	.	โต6	.	.	ต้นน้ำ	เด็กโต	\N	\N	\N	\N	\N	\N	\N	\N	\N	\N	\N	\N	\N	\N	\N	กำลังศึกษา
181	67020619	เด็กหญิง	ปวริศา	ใจทอง				\N	\N	\N	\N	\N	\N	\N	\N	\N	\N	\N	\N	\N	\N	\N	2025-02-04 16:41:12.803024	2025-02-04 16:41:12.803024	.	.	.	.	โต6	.	.	ยูจิน	เด็กโต	\N	\N	\N	\N	\N	\N	\N	\N	\N	\N	\N	\N	\N	\N	\N	กำลังศึกษา
182	67020620	เด็กชาย	พิธากร	ผลจันทร์				\N	\N	\N	\N	\N	\N	\N	\N	\N	\N	\N	\N	\N	\N	\N	2025-02-04 16:41:43.667736	2025-02-04 16:41:43.667736	.	.	.	.	โต6	.	.	แพลนเน็ต	เด็กโต	\N	\N	\N	\N	\N	\N	\N	\N	\N	\N	\N	\N	\N	\N	\N	กำลังศึกษา
183	67020701	เด็กชาย	พรหมธิวัฒน์ 	 มุ่งหมาย				\N	\N	\N	\N	\N	\N	\N	\N	\N	\N	\N	\N	\N	\N	\N	2025-02-04 16:43:33.301343	2025-02-04 16:43:33.301343	.	.	.	.	โต7	.	.	มิวส์	เด็กโต	\N	\N	\N	\N	\N	\N	\N	\N	\N	\N	\N	\N	\N	\N	\N	กำลังศึกษา
184	67020702	เด็กหญิง	ณณิชา 	 พระวิสัตย์				\N	\N	\N	\N	\N	\N	\N	\N	\N	\N	\N	\N	\N	\N	\N	2025-02-04 16:48:04.903471	2025-02-04 16:48:04.903471	.	.	.	.	โต7	.	.	วิวาห์	เด็กโต	\N	\N	\N	\N	\N	\N	\N	\N	\N	\N	\N	\N	\N	\N	\N	กำลังศึกษา
185	67020703	เด็กชาย	ภูมิรพี 	แก้วมาตย์ 				\N	\N	\N	\N	\N	\N	\N	\N	\N	\N	\N	\N	\N	\N	\N	2025-02-04 16:48:32.416207	2025-02-04 16:48:32.416207	.	.	.	.	โต7	.	.	ภูผา	เด็กโต	\N	\N	\N	\N	\N	\N	\N	\N	\N	\N	\N	\N	\N	\N	\N	กำลังศึกษา
186	67020704	เด็กหญิง	ปทิตตา 	 เสมาเพชร				\N	\N	\N	\N	\N	\N	\N	\N	\N	\N	\N	\N	\N	\N	\N	2025-02-04 16:49:01.129556	2025-02-04 16:49:01.129556	.	.	.	.	โต7	.	.	ทีตา	เด็กโต	\N	\N	\N	\N	\N	\N	\N	\N	\N	\N	\N	\N	\N	\N	\N	กำลังศึกษา
187	67020705	เด็กหญิง	ณัฏฐณิชา 	 พรมนอก				\N	\N	\N	\N	\N	\N	\N	\N	\N	\N	\N	\N	\N	\N	\N	2025-02-04 16:49:29.305626	2025-02-04 16:49:29.305626	.	.	.	.	โต7	.	.	เอย	เด็กโต	\N	\N	\N	\N	\N	\N	\N	\N	\N	\N	\N	\N	\N	\N	\N	กำลังศึกษา
188	67020706	เด็กชาย	อธิภัทร 	 โคตรสมบัติ				\N	\N	\N	\N	\N	\N	\N	\N	\N	\N	\N	\N	\N	\N	\N	2025-02-04 16:49:57.110505	2025-02-04 16:49:57.110505	.	.	.	.	โต7	.	.	ตินติน	เด็กโต	\N	\N	\N	\N	\N	\N	\N	\N	\N	\N	\N	\N	\N	\N	\N	กำลังศึกษา
189	67020707	เด็กหญิง	เอวาริณ 	 พุทธรัตน์				\N	\N	\N	\N	\N	\N	\N	\N	\N	\N	\N	\N	\N	\N	\N	2025-02-04 16:50:28.903626	2025-02-04 16:50:28.903626	.	.	.	.	โต7	.	.	เอวา	เด็กโต	\N	\N	\N	\N	\N	\N	\N	\N	\N	\N	\N	\N	\N	\N	\N	กำลังศึกษา
190	67020708	เด็กหญิง	นิติอาภา 	 หัศภาดล				\N	\N	\N	\N	\N	\N	\N	\N	\N	\N	\N	\N	\N	\N	\N	2025-02-04 16:50:59.192156	2025-02-04 16:50:59.192156	.	.	.	.	โต7	.	.	ออร์แกน	เด็กโต	\N	\N	\N	\N	\N	\N	\N	\N	\N	\N	\N	\N	\N	\N	\N	กำลังศึกษา
191	67020709	เด็กชาย	พิร์ภูณกร 	อ่อนพุทธา				\N	\N	\N	\N	\N	\N	\N	\N	\N	\N	\N	\N	\N	\N	\N	2025-02-04 16:51:31.235766	2025-02-04 16:51:31.235766	.	.	.	.	โต7	.	.	แทททู	เด็กโต	\N	\N	\N	\N	\N	\N	\N	\N	\N	\N	\N	\N	\N	\N	\N	กำลังศึกษา
192	67020710	เด็กชาย	กวินท์ 	 ปังประเสริฐ				\N	\N	\N	\N	\N	\N	\N	\N	\N	\N	\N	\N	\N	\N	\N	2025-02-04 16:51:59.712807	2025-02-04 16:51:59.712807	.	.	.	.	โต7	.	.	บีม	เด็กโต	\N	\N	\N	\N	\N	\N	\N	\N	\N	\N	\N	\N	\N	\N	\N	กำลังศึกษา
193	67020711	เด็กชาย	ฐิติพันธ์ 	เหล่าสุวรรณ				\N	\N	\N	\N	\N	\N	\N	\N	\N	\N	\N	\N	\N	\N	\N	2025-02-04 16:52:28.534192	2025-02-04 16:52:28.534192	.	.	.	.	โต7	.	.	ไอรัน	เด็กโต	\N	\N	\N	\N	\N	\N	\N	\N	\N	\N	\N	\N	\N	\N	\N	กำลังศึกษา
194	67020712	เด็กชาย	คีริน	พิพัฒนภูมิพร				\N	\N	\N	\N	\N	\N	\N	\N	\N	\N	\N	\N	\N	\N	\N	2025-02-04 16:52:55.049986	2025-02-04 16:52:55.049986	.	.	.	.	โต7	.	.	ขุนเขา	เด็กโต	\N	\N	\N	\N	\N	\N	\N	\N	\N	\N	\N	\N	\N	\N	\N	กำลังศึกษา
195	67020713	เด็กชาย	รินลดา	เชื้อสาวถี				\N	\N	\N	\N	\N	\N	\N	\N	\N	\N	\N	\N	\N	\N	\N	2025-02-04 16:53:23.225175	2025-02-04 16:53:23.225175	.	.	.	.	โต7	.	.	ไอรีน	เด็กโต	\N	\N	\N	\N	\N	\N	\N	\N	\N	\N	\N	\N	\N	\N	\N	กำลังศึกษา
196	67020714	เด็กหญิง	กานต์ธรา 	 นาวานุเคราะห์				\N	\N	\N	\N	\N	\N	\N	\N	\N	\N	\N	\N	\N	\N	\N	2025-02-04 16:53:50.969195	2025-02-04 16:53:50.969195	.	.	.	.	โต7	.	.	 ธาร่า	เด็กโต	\N	\N	\N	\N	\N	\N	\N	\N	\N	\N	\N	\N	\N	\N	\N	กำลังศึกษา
197	67020715	เด็กชาย	ณัทณลัลน์  	ณัทณลัลน์  				\N	\N	\N	\N	\N	\N	\N	\N	\N	\N	\N	\N	\N	\N	\N	2025-02-04 16:54:19.025237	2025-02-04 16:54:19.025237	.	.	.	.	โต7	.	.	 ณลัลน์	เด็กโต	\N	\N	\N	\N	\N	\N	\N	\N	\N	\N	\N	\N	\N	\N	\N	กำลังศึกษา
198	67020716	เด็กหญิง	กองเพชร 	 จันทะโลลน				\N	\N	\N	\N	\N	\N	\N	\N	\N	\N	\N	\N	\N	\N	\N	2025-02-04 16:54:49.056235	2025-02-04 16:54:49.056235	.	.	.	.	โต7	.	.	 แคนดี้	เด็กโต	\N	\N	\N	\N	\N	\N	\N	\N	\N	\N	\N	\N	\N	\N	\N	กำลังศึกษา
199	67020717	เด็กชาย	อชิรวัชร์	โนนสว่าง				\N	\N	\N	\N	\N	\N	\N	\N	\N	\N	\N	\N	\N	\N	\N	2025-02-04 16:55:16.753409	2025-02-04 16:55:16.753409	.	.	.	.	โต7	.	.	อคิน	เด็กโต	\N	\N	\N	\N	\N	\N	\N	\N	\N	\N	\N	\N	\N	\N	\N	กำลังศึกษา
15	66332210001-2	เด็กชาย	บอยประกร	บังหรั่ง	Mr.	boypakorn	bungrung	\N		\N	\N	ไทย			5	\N		\N	\N	ชาย		../../../public/uploads/profiles/profile_1739774033_663322100012.jpg	2024-12-13 13:25:07.116204	2025-02-20 13:08:09.157634	จ่อย	บังหรั่ง	จอย	บังหรั่ง	ห้อง1/2	0651894886	0654982988	บอย	เด็กโต	../../../public/uploads/qrcodes/qr_66332210001-2.png	\N	\N	\N	\N	\N	\N	\N	\N	\N	\N	\N	\N	\N	\N	กำลังศึกษา
200	67030101	เด็กชาย	ขุมดินพิทักษ์	 ขุมดินพิทักษ์				\N	\N	\N	\N	\N	\N	\N	\N	\N	\N	\N	\N	\N	\N	\N	2025-02-13 10:03:45.276342	2025-02-13 10:03:45.276342	.	.	.	.	1/1	.	.	ปัณณ์	เตรียมอนุบาล	\N	\N	\N	\N	\N	\N	\N	\N	\N	\N	\N	\N	\N	\N	\N	กำลังศึกษา
201	67030102	เด็กชาย	อภิณัฏฐ์	 ปิ่นทอง				\N	\N	\N	\N	\N	\N	\N	\N	\N	\N	\N	\N	\N	\N	\N	2025-02-13 10:05:02.919134	2025-02-13 10:05:02.919134	.	.	.	.	1/1	.	.	 โชนัน	เตรียมอนุบาล	\N	\N	\N	\N	\N	\N	\N	\N	\N	\N	\N	\N	\N	\N	\N	กำลังศึกษา
202	67030103	เด็กชาย	รวิกร 	 พันสนิท				\N	\N	\N	\N	\N	\N	\N	\N	\N	\N	\N	\N	\N	\N	\N	2025-02-13 10:06:45.263929	2025-02-13 10:06:45.263929	.	.	.	.	1/1	.	.	 คัมภีร์	เตรียมอนุบาล	\N	\N	\N	\N	\N	\N	\N	\N	\N	\N	\N	\N	\N	\N	\N	กำลังศึกษา
32	68332210059-6	เด็กชาย	ธนดล	ภูมูลนา	Mr.	Thanadol	Phoomoonna	\N		\N	\N	ไทย	ไทย	\N	9	\N		\N	\N	ชาย		../../../public/uploads/profiles/profile_1738226948_683322100596.jpg	2025-01-29 10:52:38.760054	2025-02-25 14:17:06.340462					โต1			นนท์	เด็กโต	../../../public/uploads/qrcodes/qr_1738814042_683322100596.png	\N	\N	\N	\N	\N	\N	\N	\N	\N	\N	\N	\N	\N	2568	กำลังศึกษา
207	67030108	เด็กชาย	รัชดล 	 กุลณาวงค์				\N	\N	\N	\N	\N	\N	\N	\N	\N	\N	\N	\N	\N	\N	\N	2025-02-13 10:14:32.619376	2025-02-13 10:14:32.619376	.	.	.	.	1/1	.	.	 นิวก้า	เตรียมอนุบาล	\N	\N	\N	\N	\N	\N	\N	\N	\N	\N	\N	\N	\N	\N	\N	กำลังศึกษา
203	67030104	เด็กหญิง	นภัสรัญชน์ 	แสนเมือง 				\N	\N	\N	\N	\N	\N	\N	\N	\N	\N	\N	\N	\N	\N	\N	2025-02-13 10:07:22.673352	2025-02-13 10:07:22.673352	.	.	.	.	1/1	.	.	อัญญา	เตรียมอนุบาล	\N	\N	\N	\N	\N	\N	\N	\N	\N	\N	\N	\N	\N	\N	\N	กำลังศึกษา
204	67030105	เด็กหญิง	ปัญญ์นารา	 ชาลีบัว				\N	\N	\N	\N	\N	\N	\N	\N	\N	\N	\N	\N	\N	\N	\N	2025-02-13 10:12:23.919305	2025-02-13 10:12:23.919305	.	.	.	.	1/1	.	.	 นารา	เตรียมอนุบาล	\N	\N	\N	\N	\N	\N	\N	\N	\N	\N	\N	\N	\N	\N	\N	กำลังศึกษา
205	67030106	เด็กชาย	ธนัท 	โพธิชิต				\N	\N	\N	\N	\N	\N	\N	\N	\N	\N	\N	\N	\N	\N	\N	2025-02-13 10:12:58.08115	2025-02-13 10:12:58.08115	.	.	.	.	1/1	.	.	 องศา	เตรียมอนุบาล	\N	\N	\N	\N	\N	\N	\N	\N	\N	\N	\N	\N	\N	\N	\N	กำลังศึกษา
206	67030107	เด็กชาย	สุพีรณัฐ 	 การุญ				\N	\N	\N	\N	\N	\N	\N	\N	\N	\N	\N	\N	\N	\N	\N	2025-02-13 10:13:30.450493	2025-02-13 10:13:30.450493	.	.	.	.	1/1	.	.	 อั่งเปา	เตรียมอนุบาล	\N	\N	\N	\N	\N	\N	\N	\N	\N	\N	\N	\N	\N	\N	\N	กำลังศึกษา
208	67030109	เด็กหญิง	ภาพิมล 	 วงศ์สว่างศิริ				\N	\N	\N	\N	\N	\N	\N	\N	\N	\N	\N	\N	\N	\N	\N	2025-02-13 10:15:13.082309	2025-02-13 10:15:13.082309	.	.	.	.	1/1	.	.	 ดีไซน์	เตรียมอนุบาล	\N	\N	\N	\N	\N	\N	\N	\N	\N	\N	\N	\N	\N	\N	\N	กำลังศึกษา
209	67030110	เด็กหญิง	.	.				\N	\N	\N	\N	\N	\N	\N	\N	\N	\N	\N	\N	\N	\N	\N	2025-02-13 10:15:36.500819	2025-02-13 10:15:36.500819	.	.	.	.	1/1	.	.	 มัดหมี่	เตรียมอนุบาล	\N	\N	\N	\N	\N	\N	\N	\N	\N	\N	\N	\N	\N	\N	\N	กำลังศึกษา
210	67030111	เด็กหญิง	โชติกา 	 รังสิกรรพุม				\N	\N	\N	\N	\N	\N	\N	\N	\N	\N	\N	\N	\N	\N	\N	2025-02-13 10:16:06.966654	2025-02-13 10:16:06.966654	.	.	.	.	1/1	.	.	 ของขวัญ	เตรียมอนุบาล	\N	\N	\N	\N	\N	\N	\N	\N	\N	\N	\N	\N	\N	\N	\N	กำลังศึกษา
211	67030112	เด็กหญิง	มาลาริน	สิริภานุวัฒน์				\N	\N	\N	\N	\N	\N	\N	\N	\N	\N	\N	\N	\N	\N	\N	2025-02-13 10:16:38.50146	2025-02-13 10:16:38.50146	.	.	.	.	1/1	.	.	 มาริน	เตรียมอนุบาล	\N	\N	\N	\N	\N	\N	\N	\N	\N	\N	\N	\N	\N	\N	\N	กำลังศึกษา
212	67030113	เด็กชาย	ธารณ์	 สุกิจประภานนท์				\N	\N	\N	\N	\N	\N	\N	\N	\N	\N	\N	\N	\N	\N	\N	2025-02-13 10:17:29.270181	2025-02-13 10:17:29.270181	.	.	.	.	1/1	.	.	บ๊อยซ์	เตรียมอนุบาล	\N	\N	\N	\N	\N	\N	\N	\N	\N	\N	\N	\N	\N	\N	\N	กำลังศึกษา
213	67030114	เด็กชาย	รัญดา	 วิชัยคำจร				\N	\N	\N	\N	\N	\N	\N	\N	\N	\N	\N	\N	\N	\N	\N	2025-02-13 10:19:07.54765	2025-02-13 10:19:07.54765	.	.	.	.	1/1	.	.	รัญ	เตรียมอนุบาล	\N	\N	\N	\N	\N	\N	\N	\N	\N	\N	\N	\N	\N	\N	\N	กำลังศึกษา
215	67030116	เด็กหญิง	พลอยลดา	ฉัตรานุฉัตร				\N	\N	\N	\N	\N	\N	\N	\N	\N	\N	\N	\N	\N	\N	\N	2025-02-13 10:20:25.213891	2025-02-13 10:20:25.213891	.	.	.	.	1/2	.	.	 มิว	เตรียมอนุบาล	\N	\N	\N	\N	\N	\N	\N	\N	\N	\N	\N	\N	\N	\N	\N	กำลังศึกษา
216	67030115	เด็กชาย	ศิลากร	บุตรวงษ์				\N	\N	\N	\N	\N	\N	\N	\N	\N	\N	\N	\N	\N	\N	\N	2025-02-13 10:21:50.477299	2025-02-13 10:21:50.477299	.	.	.	.	1/2	.	.	 ข้าวปั้น	เตรียมอนุบาล	\N	\N	\N	\N	\N	\N	\N	\N	\N	\N	\N	\N	\N	\N	\N	กำลังศึกษา
217	67030117	เด็กชาย	เตชินท์	หิตะคุณ				\N	\N	\N	\N	\N	\N	\N	\N	\N	\N	\N	\N	\N	\N	\N	2025-02-13 10:22:30.198891	2025-02-13 10:22:30.198891	.	.	.	.	1/2	.	.	 แทนคุณ	เตรียมอนุบาล	\N	\N	\N	\N	\N	\N	\N	\N	\N	\N	\N	\N	\N	\N	\N	กำลังศึกษา
218	67030118	เด็กชาย	ปัณณทัต	โยธาทูล				\N	\N	\N	\N	\N	\N	\N	\N	\N	\N	\N	\N	\N	\N	\N	2025-02-13 10:23:02.781118	2025-02-13 10:23:02.781118	.	.	.	.	1/2	.	.	 ปัณโณ	เตรียมอนุบาล	\N	\N	\N	\N	\N	\N	\N	\N	\N	\N	\N	\N	\N	\N	\N	กำลังศึกษา
219	67030119	เด็กหญิง	พิชญธิดา	คูณป้อง				\N	\N	\N	\N	\N	\N	\N	\N	\N	\N	\N	\N	\N	\N	\N	2025-02-13 10:23:32.625217	2025-02-13 10:23:32.625217	.	.	.	.	1/2	.	.	 ดีนี่	เตรียมอนุบาล	\N	\N	\N	\N	\N	\N	\N	\N	\N	\N	\N	\N	\N	\N	\N	กำลังศึกษา
220	67030120	เด็กหญิง	ศิปภา	ประภาพันวรกุล				\N	\N	\N	\N	\N	\N	\N	\N	\N	\N	\N	\N	\N	\N	\N	2025-02-13 10:24:13.544945	2025-02-13 10:24:13.544945	.	.	.	.	1/2	.	.	 บลอสซัม	เตรียมอนุบาล	\N	\N	\N	\N	\N	\N	\N	\N	\N	\N	\N	\N	\N	\N	\N	กำลังศึกษา
221	67030121	เด็กหญิง	มิลินท์ตรา	ผางจันทดา				\N	\N	\N	\N	\N	\N	\N	\N	\N	\N	\N	\N	\N	\N	\N	2025-02-13 10:30:30.466779	2025-02-13 10:30:30.466779	.	.	.	.	1/2	.	.	 มิลินท์	เตรียมอนุบาล	\N	\N	\N	\N	\N	\N	\N	\N	\N	\N	\N	\N	\N	\N	\N	กำลังศึกษา
222	67030122	เด็กหญิง	ธนัญรดา	ศรีเนตร				\N	\N	\N	\N	\N	\N	\N	\N	\N	\N	\N	\N	\N	\N	\N	2025-02-13 10:31:04.523564	2025-02-13 10:31:04.523564	.	.	.	.	1/2	.	.	 เพียงขวัญ	เตรียมอนุบาล	\N	\N	\N	\N	\N	\N	\N	\N	\N	\N	\N	\N	\N	\N	\N	กำลังศึกษา
223	67030123	เด็กหญิง	พรนับพัน	ศรีธาตุ				\N	\N	\N	\N	\N	\N	\N	\N	\N	\N	\N	\N	\N	\N	\N	2025-02-13 10:31:42.303579	2025-02-13 10:31:42.303579	.	.	.	.	1/2	.	.	 กระติ๊บ	เตรียมอนุบาล	\N	\N	\N	\N	\N	\N	\N	\N	\N	\N	\N	\N	\N	\N	\N	กำลังศึกษา
224	67030124	เด็กชาย	กันตวิชญ์	ประสิทธิ์นอก				\N	\N	\N	\N	\N	\N	\N	\N	\N	\N	\N	\N	\N	\N	\N	2025-02-13 15:37:47.268279	2025-02-13 15:37:47.268279	.	.	.	.	1/2	.	.	ตงตง	เตรียมอนุบาล	\N	\N	\N	\N	\N	\N	\N	\N	\N	\N	\N	\N	\N	\N	\N	กำลังศึกษา
225	67030125	เด็กหญิง	ญาณิศา	จำปาวัตตะ				\N	\N	\N	\N	\N	\N	\N	\N	\N	\N	\N	\N	\N	\N	\N	2025-02-13 15:38:21.956976	2025-02-13 15:38:21.956976	.	.	.	.	1/2	.	.	 เรมี่	เตรียมอนุบาล	\N	\N	\N	\N	\N	\N	\N	\N	\N	\N	\N	\N	.	.	\N	กำลังศึกษา
226	67030126	เด็กชาย	พิรัลพัชร	กุลสุวรรณ์				\N	\N	\N	\N	\N	\N	\N	\N	\N	\N	\N	\N	\N	\N	\N	2025-02-13 15:38:59.43103	2025-02-13 15:38:59.43103	.	.	.	.	1/2	.	.	 เขตแดน	เตรียมอนุบาล	\N	\N	\N	\N	\N	\N	\N	\N	\N	\N	\N	\N	.	\N	\N	กำลังศึกษา
227	67030127	เด็กชาย	ณัฐกฤต	บุษยาธัญญ์				\N	\N	\N	\N	\N	\N	\N	\N	\N	\N	\N	\N	\N	\N	\N	2025-02-13 15:39:36.827965	2025-02-13 15:39:36.827965	.	.	.	.	1/2	.	.	กัปตัน	เตรียมอนุบาล	\N	\N	\N	\N	\N	\N	\N	\N	\N	\N	\N	\N	\N	\N	\N	กำลังศึกษา
228	67030128	เด็กชาย	ธาวิน 	 แห่กาฬสินธุ์				\N	\N	\N	\N	\N	\N	\N	\N	\N	\N	\N	\N	\N	\N	\N	2025-02-13 15:40:17.439846	2025-02-13 15:40:17.439846	.	.	.	.	1/3	.	.	เอชิ	เตรียมอนุบาล	\N	\N	\N	\N	\N	\N	\N	\N	\N	\N	\N	\N	\N	\N	\N	กำลังศึกษา
229	67030129	เด็กชาย	ชานัต 	 ฆารไสว				\N	\N	\N	\N	\N	\N	\N	\N	\N	\N	\N	\N	\N	\N	\N	2025-02-13 16:22:34.151939	2025-02-13 16:22:34.151939	.	.	.	.	1/3	.	.	นที	เตรียมอนุบาล	\N	\N	\N	\N	\N	\N	\N	\N	\N	\N	\N	\N	\N	\N	\N	กำลังศึกษา
230	67030130	เด็กชาย	พงษ์พิชญ์	 สัมฤทธิ์ผล				\N	\N	\N	\N	\N	\N	\N	\N	\N	\N	\N	\N	\N	\N	\N	2025-02-13 16:23:32.547183	2025-02-13 16:23:32.547183	.	.	.	.	1/3	.	.	 ธาม	เตรียมอนุบาล	\N	\N	\N	\N	\N	\N	\N	\N	\N	\N	\N	\N	\N	\N	\N	กำลังศึกษา
231	67030131	เด็กหญิง	ปวีณ์พิชชา 	 ซุยอุ้ย				\N	\N	\N	\N	\N	\N	\N	\N	\N	\N	\N	\N	\N	\N	\N	2025-02-13 16:24:07.443505	2025-02-13 16:24:07.443505	.	.	.	.	1/3	.	.	 มีออม	เตรียมอนุบาล	\N	\N	\N	\N	\N	\N	\N	\N	\N	\N	\N	\N	\N	\N	\N	กำลังศึกษา
232	67030132	เด็กหญิง	ณิชกานต์ 	สังข์บุญเรือง				\N	\N	\N	\N	\N	\N	\N	\N	\N	\N	\N	\N	\N	\N	\N	2025-02-17 08:17:33.615432	2025-02-17 08:17:33.615432	.	.	.	.	1/3	.	.	 น้ำผึ้ง	เตรียมอนุบาล	\N	\N	\N	\N	\N	\N	\N	\N	\N	\N	\N	\N	\N	\N	\N	กำลังศึกษา
233	67030133	เด็กหญิง	ภัททิยา 	 เจริญดี				\N	\N	\N	\N	\N	\N	\N	\N	\N	\N	\N	\N	\N	\N	\N	2025-02-17 08:18:05.43724	2025-02-17 08:18:05.43724	.	.	.	.	1/3	.	.	 ริชา	เตรียมอนุบาล	\N	\N	\N	\N	\N	\N	\N	\N	\N	\N	\N	\N	\N	\N	\N	กำลังศึกษา
234	67030134	เด็กหญิง	อรชพร 	 วรธิพรหมมา				\N	\N	\N	\N	\N	\N	\N	\N	\N	\N	\N	\N	\N	\N	\N	2025-02-17 08:18:36.966925	2025-02-17 08:18:36.966925	.	.	.	.	1/3	.	.	 อัญญ่า	เตรียมอนุบาล	\N	\N	\N	\N	\N	\N	\N	\N	\N	\N	\N	\N	\N	\N	\N	กำลังศึกษา
235	67030135	เด็กชาย	พบธรรม 	 งามสิทธิ์				\N	\N	\N	\N	\N	\N	\N	\N	\N	\N	\N	\N	\N	\N	\N	2025-02-17 08:19:14.774234	2025-02-17 08:19:14.774234	.	.	.	.	1/3	.	.	 พบ	เตรียมอนุบาล	\N	\N	\N	\N	\N	\N	\N	\N	\N	\N	\N	\N	\N	\N	\N	กำลังศึกษา
236	67030136	เด็กชาย	ภาณิน 	 ทองดีพันธ์				\N	\N	\N	\N	\N	\N	\N	\N	\N	\N	\N	\N	\N	\N	\N	2025-02-17 08:19:44.806178	2025-02-17 08:19:44.806178	.	.	.	.	1/3	.	.	 ปุณณ์	เตรียมอนุบาล	\N	\N	\N	\N	\N	\N	\N	\N	\N	\N	\N	\N	\N	\N	\N	กำลังศึกษา
237	67030137	เด็กชาย	ตนุภัทร 	 สืบสาย				\N	\N	\N	\N	\N	\N	\N	\N	\N	\N	\N	\N	\N	\N	\N	2025-02-17 08:20:14.826935	2025-02-17 08:20:14.826935	.	.	.	.	1/3	.	.	 แต๊งกิ้ว	เตรียมอนุบาล	\N	\N	\N	\N	\N	\N	\N	\N	\N	\N	\N	\N	\N	\N	\N	กำลังศึกษา
238	67030138	เด็กชาย	ธีรภัฒน์ 	 ประเสริฐสังข์				\N	\N	\N	\N	\N	\N	\N	\N	\N	\N	\N	\N	\N	\N	\N	2025-02-17 08:20:45.536632	2025-02-17 08:20:45.536632	.	.	.	.	1/3	.	.	 มิ้กกี้	เตรียมอนุบาล	\N	\N	\N	\N	\N	\N	\N	\N	\N	\N	\N	\N	\N	\N	\N	กำลังศึกษา
239	67030139	เด็กหญิง	ลฎาภา 	 จรัสอรุณฉาย				\N	\N	\N	\N	\N	\N	\N	\N	\N	\N	\N	\N	\N	\N	\N	2025-02-17 08:21:16.697673	2025-02-17 08:21:16.697673	.	.	.	.	1/3	.	.	ลีอาห์ 	เตรียมอนุบาล	\N	\N	\N	\N	\N	\N	\N	\N	\N	\N	\N	\N	\N	\N	\N	กำลังศึกษา
240	67030140	เด็กชาย	พิภัช 	พุกหน้า				\N	\N	\N	\N	\N	\N	\N	\N	\N	\N	\N	\N	\N	\N	\N	2025-02-17 08:21:47.485836	2025-02-17 08:21:47.485836	.	.	.	.	1/3	.	.	เวเปอร์	เตรียมอนุบาล	\N	\N	\N	\N	\N	\N	\N	\N	\N	\N	\N	\N	\N	\N	\N	กำลังศึกษา
241	67030141	เด็กหญิง	กัญญณพัชร์ 	 ศรีมงคล				\N	\N	\N	\N	\N	\N	\N	\N	\N	\N	\N	\N	\N	\N	\N	2025-02-17 08:22:22.237192	2025-02-17 08:22:22.237192	.	.	.	.	1/3	.	.	นิวนิว	เตรียมอนุบาล	\N	\N	\N	\N	\N	\N	\N	\N	\N	\N	\N	\N	\N	\N	\N	กำลังศึกษา
242	67030201	เด็กชาย	มิ่งสกุล 	 สุบิน				\N	\N	\N	\N	\N	\N	\N	\N	\N	\N	\N	\N	\N	\N	\N	2025-02-17 08:25:28.675881	2025-02-17 08:25:28.675881	.	.	.	.	2/1	.	.	ซันเดย์	เตรียมอนุบาล	\N	\N	\N	\N	\N	\N	\N	\N	\N	\N	\N	\N	\N	\N	\N	กำลังศึกษา
243	67030202	เด็กชาย	ธนบดินทร์ 	 ชูถิ่น				\N	\N	\N	\N	\N	\N	\N	\N	\N	\N	\N	\N	\N	\N	\N	2025-02-17 08:25:57.758746	2025-02-17 08:25:57.758746	.	.	.	.	2/1	.	.	พุฒิ	เตรียมอนุบาล	\N	\N	\N	\N	\N	\N	\N	\N	\N	\N	\N	\N	\N	\N	\N	กำลังศึกษา
244	67030203	เด็กชาย	ณัฐกรณ์ 	 สีโสภา				\N	\N	\N	\N	\N	\N	\N	\N	\N	\N	\N	\N	\N	\N	\N	2025-02-17 08:26:25.872198	2025-02-17 08:26:25.872198	.	.	.	.	2/1	.	.	 ณนนท์	เตรียมอนุบาล	\N	\N	\N	\N	\N	\N	\N	\N	\N	\N	\N	\N	\N	\N	\N	กำลังศึกษา
245	67030204	เด็กชาย	ธีรดนย์ 	 ขามประไพ				\N	\N	\N	\N	\N	\N	\N	\N	\N	\N	\N	\N	\N	\N	\N	2025-02-17 08:26:54.751625	2025-02-17 08:26:54.751625	.	.	.	.	2/1	.	.	 เเผ่นดิน	เตรียมอนุบาล	\N	\N	\N	\N	\N	\N	\N	\N	\N	\N	\N	\N	\N	\N	\N	กำลังศึกษา
246	67030205	เด็กหญิง	ขวัญรดา 	 วรรณูปถัมภ์				\N	\N	\N	\N	\N	\N	\N	\N	\N	\N	\N	\N	\N	\N	\N	2025-02-17 08:27:38.052414	2025-02-17 08:27:38.052414	.	.	.	.	2/1	.	\N	 ดีไซน์	เตรียมอนุบาล	\N	\N	\N	\N	\N	\N	\N	\N	\N	\N	\N	\N	\N	\N	\N	กำลังศึกษา
247	67030206	เด็กหญิง	พลอยพิชชา 	 คุณกิตติ				\N	\N	\N	\N	\N	\N	\N	\N	\N	\N	\N	\N	\N	\N	\N	2025-02-17 08:28:10.034339	2025-02-17 08:28:10.034339	.	.	.	.	2/1	.	.	 อลิซ	เตรียมอนุบาล	\N	\N	\N	\N	\N	\N	\N	\N	\N	\N	\N	\N	\N	\N	\N	กำลังศึกษา
248	67030207	เด็กหญิง	วีริญจ์ยา 	ทุมวัน				\N	\N	\N	\N	\N	\N	\N	\N	\N	\N	\N	\N	\N	\N	\N	2025-02-17 08:28:38.058528	2025-02-17 08:28:38.058528	.	.	.	.	2/1	.	.	 แซนด์วิช	เตรียมอนุบาล	\N	\N	\N	\N	\N	\N	\N	\N	\N	\N	\N	\N	\N	\N	\N	กำลังศึกษา
249	67030208	เด็กชาย	อธิศ 	อัศวเมฆิน				\N	\N	\N	\N	\N	\N	\N	\N	\N	\N	\N	\N	\N	\N	\N	2025-02-17 08:29:17.203845	2025-02-17 08:29:17.203845	.	.	.	.	2/1	.	.	 ยูตะ	เตรียมอนุบาล	\N	\N	\N	\N	\N	\N	\N	\N	\N	\N	\N	\N	\N	\N	\N	กำลังศึกษา
250	67030209	เด็กชาย	ณัฐพสิษฐ์ 	ลักขณาลิขิตกุล				\N	\N	\N	\N	\N	\N	\N	\N	\N	\N	\N	\N	\N	\N	\N	2025-02-17 08:29:48.714	2025-02-17 08:29:48.714	.	.	.	.	2/1	.	.	 พาย	เตรียมอนุบาล	\N	\N	\N	\N	\N	\N	\N	\N	\N	\N	\N	\N	\N	\N	\N	กำลังศึกษา
251	67030210	เด็กชาย	พศวีร์ 	 ขำประถม				\N	\N	\N	\N	\N	\N	\N	\N	\N	\N	\N	\N	\N	\N	\N	2025-02-17 08:30:39.175869	2025-02-17 08:30:39.175869	.	.	.	.	2/1	.	.	 ออก้า	เตรียมอนุบาล	\N	\N	\N	\N	\N	\N	\N	\N	\N	\N	\N	\N	\N	\N	\N	กำลังศึกษา
252	67030211	เด็กหญิง	ปรายวรา 	 ภูมิพัฒนศักดิ์				\N	\N	\N	\N	\N	\N	\N	\N	\N	\N	\N	\N	\N	\N	\N	2025-02-17 08:31:11.653808	2025-02-17 08:31:11.653808	.	.	.	.	2/1	.	.	ปราย	เตรียมอนุบาล	\N	\N	\N	\N	\N	\N	\N	\N	\N	\N	\N	\N	\N	\N	\N	กำลังศึกษา
253	67030212	เด็กหญิง	วรุณพร 	 ปู่พันธ์				\N	\N	\N	\N	\N	\N	\N	\N	\N	\N	\N	\N	\N	\N	\N	2025-02-17 08:31:44.906645	2025-02-17 08:31:44.906645	.	.	.	.	2/1	.	.	แพรขวัญ	เตรียมอนุบาล	\N	\N	\N	\N	\N	\N	\N	\N	\N	\N	\N	\N	\N	\N	\N	กำลังศึกษา
254	67030213	เด็กหญิง	พรชนก	 ยี่สวัสดิ์				\N	\N	\N	\N	\N	\N	\N	\N	\N	\N	\N	\N	\N	\N	\N	2025-02-17 08:32:17.343481	2025-02-17 08:32:17.343481	.	.	.	.	2/1	.	.	 แจกัน	เตรียมอนุบาล	\N	\N	\N	\N	\N	\N	\N	\N	\N	\N	\N	\N	\N	\N	\N	กำลังศึกษา
255	67030214	เด็กหญิง	ชนัญญ์ทิชา	 รุ่งเรือง				\N	\N	\N	\N	\N	\N	\N	\N	\N	\N	\N	\N	\N	\N	\N	2025-02-17 08:32:53.238407	2025-02-17 08:32:53.238407	.	.	.	.	2/1	.	.	ชีต้าห์	เตรียมอนุบาล	\N	\N	\N	\N	\N	\N	\N	\N	\N	\N	\N	\N	\N	\N	\N	กำลังศึกษา
256	67030215	เด็กหญิง	นิรดา 	 บุญทรัพย์				\N	\N	\N	\N	\N	\N	\N	\N	\N	\N	\N	\N	\N	\N	\N	2025-02-17 08:33:25.116084	2025-02-17 08:33:25.116084	.	.	.	.	2/1	.	.	นิริน	เตรียมอนุบาล	\N	\N	\N	\N	\N	\N	\N	\N	\N	\N	\N	\N	\N	\N	\N	กำลังศึกษา
257	67030216	เด็กหญิง	ปัญญณัฏฐ์ 	เดือนไธสง				\N	\N	\N	\N	\N	\N	\N	\N	\N	\N	\N	\N	\N	\N	\N	2025-02-17 08:35:44.228677	2025-02-17 08:35:44.228677	.	.	.	.	2/2	.	.	 เหมยอิง	เตรียมอนุบาล	\N	\N	\N	\N	\N	\N	\N	\N	\N	\N	\N	\N	\N	\N	\N	กำลังศึกษา
258	67030217	เด็กหญิง	รันลลิณ 	ระหงษ์				\N	\N	\N	\N	\N	\N	\N	\N	\N	\N	\N	\N	\N	\N	\N	2025-02-17 08:36:16.709678	2025-02-17 08:36:16.709678	.	.	.	.	2/2	.	.	 เนเน่	เตรียมอนุบาล	\N	\N	\N	\N	\N	\N	\N	\N	\N	\N	\N	\N	\N	\N	\N	กำลังศึกษา
259	67030218	เด็กหญิง	พิชชาภา 	ทองสลับ				\N	\N	\N	\N	\N	\N	\N	\N	\N	\N	\N	\N	\N	\N	\N	2025-02-17 08:36:47.178539	2025-02-17 08:36:47.178539	.	.	.	.	2/2	.	.	 พักพิง	เตรียมอนุบาล	\N	\N	\N	\N	\N	\N	\N	\N	\N	\N	\N	\N	\N	\N	\N	กำลังศึกษา
260	67030219	เด็กชาย	ภัทรกฤต 	ขันตี				\N	\N	\N	\N	\N	\N	\N	\N	\N	\N	\N	\N	\N	\N	\N	2025-02-17 08:37:18.52066	2025-02-17 08:37:18.52066	.	.	.	.	2/2	.	.	 ออกแบบ	เตรียมอนุบาล	\N	\N	\N	\N	\N	\N	\N	\N	\N	\N	\N	\N	\N	\N	\N	กำลังศึกษา
261	67030220	เด็กชาย	สุวิจักขณ์ 	โมคา				\N	\N	\N	\N	\N	\N	\N	\N	\N	\N	\N	\N	\N	\N	\N	2025-02-17 08:37:52.362856	2025-02-17 08:37:52.362856	.	.	.	.	2/2	.	.	 ภูผา	เตรียมอนุบาล	\N	\N	\N	\N	\N	\N	\N	\N	\N	\N	\N	\N	\N	\N	\N	กำลังศึกษา
262	67030221	เด็กชาย	ปฏิญญา	ปัตตานี				\N	\N	\N	\N	\N	\N	\N	\N	\N	\N	\N	\N	\N	\N	\N	2025-02-17 08:38:22.549112	2025-02-17 08:38:22.549112	.	.	.	.	2/2	.	.	 ไป่ไปป์	เตรียมอนุบาล	\N	\N	\N	\N	\N	\N	\N	\N	\N	\N	\N	\N	\N	\N	\N	กำลังศึกษา
263	67030222	เด็กชาย	ณัฐชนน 	สายาพัฒน์				\N	\N	\N	\N	\N	\N	\N	\N	\N	\N	\N	\N	\N	\N	\N	2025-02-17 08:38:57.423201	2025-02-17 08:38:57.423201	.	.	.	.	2/2	.	.	 สกาย	เตรียมอนุบาล	\N	\N	\N	\N	\N	\N	\N	\N	\N	\N	\N	\N	\N	\N	\N	กำลังศึกษา
264	67030223	เด็กชาย	พัฒน์ชวุฒิ 	คำวงษา				\N	\N	\N	\N	\N	\N	\N	\N	\N	\N	\N	\N	\N	\N	\N	2025-02-17 08:39:28.251828	2025-02-17 08:39:28.251828	.	.	.	.	2/2	.	.	ฮันเตอร์	เตรียมอนุบาล	\N	\N	\N	\N	\N	\N	\N	\N	\N	\N	\N	\N	\N	\N	\N	กำลังศึกษา
265	67030224	เด็กชาย	วริทธิ์ 	ศิลวัตรพงศกุล				\N	\N	\N	\N	\N	\N	\N	\N	\N	\N	\N	\N	\N	\N	\N	2025-02-17 08:39:56.584872	2025-02-17 08:39:56.584872	.	.	.	.	2/2	.	.	 มัสแตงค์	เตรียมอนุบาล	\N	\N	\N	\N	\N	\N	\N	\N	\N	\N	\N	\N	\N	\N	\N	กำลังศึกษา
266	67030225	เด็กหญิง	ทรัพย์ทิพย์ 	เจริญชัยภพสิน				\N	\N	\N	\N	\N	\N	\N	\N	\N	\N	\N	\N	\N	\N	\N	2025-02-17 08:40:25.622821	2025-02-17 08:40:25.622821	.	.	.	.	2/2	.	.	 กีกี้	เตรียมอนุบาล	\N	\N	\N	\N	\N	\N	\N	\N	\N	\N	\N	\N	\N	\N	\N	กำลังศึกษา
267	67030226	เด็กหญิง	บัวบูชา 	เจือมา				\N	\N	\N	\N	\N	\N	\N	\N	\N	\N	\N	\N	\N	\N	\N	2025-02-17 08:40:54.50273	2025-02-17 08:40:54.50273	.	.	.	.	2/2	.	.	 นลิน	เตรียมอนุบาล	\N	\N	\N	\N	\N	\N	\N	\N	\N	\N	\N	\N	\N	\N	\N	กำลังศึกษา
268	67030227	เด็กชาย	ธีรดนย์ 	ประมูลละคร				\N	\N	\N	\N	\N	\N	\N	\N	\N	\N	\N	\N	\N	\N	\N	2025-02-17 08:41:22.53139	2025-02-17 08:41:22.53139	.	.	.	.	2/2	.	.	ออดี้	เตรียมอนุบาล	\N	\N	\N	\N	\N	\N	\N	\N	\N	\N	\N	\N	\N	\N	\N	กำลังศึกษา
269	67030228	เด็กหญิง	วาดดาว	ขันแก้ว				\N	\N	\N	\N	\N	\N	\N	\N	\N	\N	\N	\N	\N	\N	\N	2025-02-17 08:41:55.229099	2025-02-17 08:41:55.229099	.	.	.	.	2/2	.	.	มิเรอิ	เตรียมอนุบาล	\N	\N	\N	\N	\N	\N	\N	\N	\N	\N	\N	\N	\N	\N	\N	กำลังศึกษา
270	67030229	เด็กหญิง	อลิสา	ไทยเสถียร				\N	\N	\N	\N	\N	\N	\N	\N	\N	\N	\N	\N	\N	\N	\N	2025-02-17 08:43:38.78401	2025-02-17 08:43:38.78401	.	.	.	.	2/3	.	.	ฮาเปอร์	เตรียมอนุบาล	\N	\N	\N	\N	\N	\N	\N	\N	\N	\N	\N	\N	\N	\N	\N	กำลังศึกษา
271	67030230	เด็กหญิง	พิชชาพร	ทองสลับ				\N	\N	\N	\N	\N	\N	\N	\N	\N	\N	\N	\N	\N	\N	\N	2025-02-17 08:44:15.45632	2025-02-17 08:44:15.45632	.	.	.	.	2/3	.	.	 พอใจ	เตรียมอนุบาล	\N	\N	\N	\N	\N	\N	\N	\N	\N	\N	\N	\N	\N	\N	\N	กำลังศึกษา
272	67030231	เด็กชาย	ปุญณวัฒน์	แก้วสุพรรณ				\N	\N	\N	\N	\N	\N	\N	\N	\N	\N	\N	\N	\N	\N	\N	2025-02-17 08:44:45.894475	2025-02-17 08:44:45.894475	.	.	.	.	2/3	.	.	ขุนเขา	เตรียมอนุบาล	\N	\N	\N	\N	\N	\N	\N	\N	\N	\N	\N	\N	\N	\N	\N	กำลังศึกษา
273	67030232	เด็กชาย	ธนนท์	ไชยบุญเรือง				\N	\N	\N	\N	\N	\N	\N	\N	\N	\N	\N	\N	\N	\N	\N	2025-02-17 08:45:16.119195	2025-02-17 08:45:16.119195	.	.	.	.	2/3	.	.	 ธาม	เตรียมอนุบาล	\N	\N	\N	\N	\N	\N	\N	\N	\N	\N	\N	\N	\N	\N	\N	กำลังศึกษา
274	67030233	เด็กชาย	กานตพงศ์	จันทร์ฉาย				\N	\N	\N	\N	\N	\N	\N	\N	\N	\N	\N	\N	\N	\N	\N	2025-02-17 08:45:55.546732	2025-02-17 08:45:55.546732	.	.	.	.	2/3	.	.	 มาตังค์	เตรียมอนุบาล	\N	\N	\N	\N	\N	\N	\N	\N	\N	\N	\N	\N	\N	\N	\N	กำลังศึกษา
275	67030234	เด็กชาย	ศิวกร	ชุมสุวรรณ				\N	\N	\N	\N	\N	\N	\N	\N	\N	\N	\N	\N	\N	\N	\N	2025-02-17 08:46:22.903935	2025-02-17 08:46:22.903935	.	.	.	.	2/3	.	.	 อ๊อตโต้	เตรียมอนุบาล	\N	\N	\N	\N	\N	\N	\N	\N	\N	\N	\N	\N	\N	\N	\N	กำลังศึกษา
276	67030235	เด็กชาย	พีรดนย์	กานต์รังสรรค์				\N	\N	\N	\N	\N	\N	\N	\N	\N	\N	\N	\N	\N	\N	\N	2025-02-17 08:46:55.582962	2025-02-17 08:46:55.582962	.	.	.	.	2/3	.	.	เซนต์	เตรียมอนุบาล	\N	\N	\N	\N	\N	\N	\N	\N	\N	\N	\N	\N	\N	\N	\N	กำลังศึกษา
277	67030236	เด็กชาย	ณัฐพัชร์	สุขสวัสดิ์มงคล				\N	\N	\N	\N	\N	\N	\N	\N	\N	\N	\N	\N	\N	\N	\N	2025-02-17 08:47:24.164646	2025-02-17 08:47:24.164646	.	.	.	.	2/3	.	.	 พลัส	เตรียมอนุบาล	\N	\N	\N	\N	\N	\N	\N	\N	\N	\N	\N	\N	\N	\N	\N	กำลังศึกษา
278	67030237	เด็กหญิง	กันย์นีรา	สังข์อินทร์				\N	\N	\N	\N	\N	\N	\N	\N	\N	\N	\N	\N	\N	\N	\N	2025-02-17 08:47:53.544577	2025-02-17 08:47:53.544577	.	.	.	.	2/3	.	.	 ธารา	เตรียมอนุบาล	\N	\N	\N	\N	\N	\N	\N	\N	\N	\N	\N	\N	\N	\N	\N	กำลังศึกษา
279	67030238	เด็กชาย	ณิชานันท์	มณีสาร				\N	\N	\N	\N	\N	\N	\N	\N	\N	\N	\N	\N	\N	\N	\N	2025-02-17 08:48:46.514521	2025-02-17 08:48:46.514521	.	.	.	.	2/3	.	.	 ณิชา	เตรียมอนุบาล	\N	\N	\N	\N	\N	\N	\N	\N	\N	\N	\N	\N	\N	\N	\N	กำลังศึกษา
280	67030239	เด็กหญิง	ศิริน	จันทราษี				\N	\N	\N	\N	\N	\N	\N	\N	\N	\N	\N	\N	\N	\N	\N	2025-02-17 08:49:16.104012	2025-02-17 08:49:16.104012	.	.	.	.	2/3	.	.	 ศิริน	เตรียมอนุบาล	\N	\N	\N	\N	\N	\N	\N	\N	\N	\N	\N	\N	\N	\N	\N	กำลังศึกษา
281	67030240	เด็กหญิง	อิงครัต	คำพิละ				\N	\N	\N	\N	\N	\N	\N	\N	\N	\N	\N	\N	\N	\N	\N	2025-02-17 08:49:58.275429	2025-02-17 08:49:58.275429	.	.	.	.	2/3	.	.	เพียงใจ	เตรียมอนุบาล	\N	\N	\N	\N	\N	\N	\N	\N	\N	\N	\N	\N	\N	\N	\N	กำลังศึกษา
282	67030241	เด็กชาย	เบญจมินทร์	ดวงแก้ว				\N	\N	\N	\N	\N	\N	\N	\N	\N	\N	\N	\N	\N	\N	\N	2025-02-17 08:50:35.165099	2025-02-17 08:50:35.165099	.	.	.	.	2/3	.	.	ซีต้าร์	เตรียมอนุบาล	\N	\N	\N	\N	\N	\N	\N	\N	\N	\N	\N	\N	\N	\N	\N	กำลังศึกษา
283	67030301	เด็กชาย	ดวิน	สวัสดิรักษ์				\N	\N	\N	\N	\N	\N	\N	\N	\N	\N	\N	\N	\N	\N	\N	2025-02-17 08:52:22.673718	2025-02-17 08:52:22.673718	.	.	.	.	3/1	.	.	 ฮาเล่ย์	เตรียมอนุบาล	\N	\N	\N	\N	\N	\N	\N	\N	\N	\N	\N	\N	\N	\N	\N	กำลังศึกษา
284	67030302	เด็กชาย	อภิชล	หมื่นน้อย				\N	\N	\N	\N	\N	\N	\N	\N	\N	\N	\N	\N	\N	\N	\N	2025-02-17 08:52:56.166883	2025-02-17 08:52:56.166883	.	.	.	.	3/1	.	.	 ไอน้ำ	เตรียมอนุบาล	\N	\N	\N	\N	\N	\N	\N	\N	\N	\N	\N	\N	\N	\N	\N	กำลังศึกษา
285	67030303	เด็กชาย	ธริช	สุทธะรัง				\N	\N	\N	\N	\N	\N	\N	\N	\N	\N	\N	\N	\N	\N	\N	2025-02-17 08:53:26.422363	2025-02-17 08:53:26.422363	.	.	.	.	3/1	.	.	 กรณ์	เตรียมอนุบาล	\N	\N	\N	\N	\N	\N	\N	\N	\N	\N	\N	\N	\N	\N	\N	กำลังศึกษา
286	67030304	เด็กหญิง	ศรัณย์รัชต์	เชิดทอง				\N	\N	\N	\N	\N	\N	\N	\N	\N	\N	\N	\N	\N	\N	\N	2025-02-17 08:53:55.732937	2025-02-17 08:53:55.732937	.	.	.	.	3/1	.	.	 มาลิน	เตรียมอนุบาล	\N	\N	\N	\N	\N	\N	\N	\N	\N	\N	\N	\N	\N	\N	\N	กำลังศึกษา
287	67030305	เด็กหญิง	ศุภนุช	สอนศิลพงศ์				\N	\N	\N	\N	\N	\N	\N	\N	\N	\N	\N	\N	\N	\N	\N	2025-02-17 08:54:24.696393	2025-02-17 08:54:24.696393	.	.	.	.	3/1	.	.	 เบนนี่	เตรียมอนุบาล	\N	\N	\N	\N	\N	\N	\N	\N	\N	\N	\N	\N	\N	\N	\N	กำลังศึกษา
288	67030306	เด็กหญิง	ณัฐธยาน์	เหลืองเลิศบวร				\N	\N	\N	\N	\N	\N	\N	\N	\N	\N	\N	\N	\N	\N	\N	2025-02-17 08:55:00.038719	2025-02-17 08:55:00.038719	.	.	.	.	3/1	.	.	อันอัน	เตรียมอนุบาล	\N	\N	\N	\N	\N	\N	\N	\N	\N	\N	\N	\N	\N	\N	\N	กำลังศึกษา
289	67030307	เด็กชาย	จารุพงษ์	ชัยสงค์				\N	\N	\N	\N	\N	\N	\N	\N	\N	\N	\N	\N	\N	\N	\N	2025-02-17 08:55:28.407379	2025-02-17 08:55:28.407379	.	.	.	.	3/1	.	.	 โอม	เตรียมอนุบาล	\N	\N	\N	\N	\N	\N	\N	\N	\N	\N	\N	\N	\N	\N	\N	กำลังศึกษา
290	67030308	เด็กหญิง	ชลิสา	กงศรี				\N	\N	\N	\N	\N	\N	\N	\N	\N	\N	\N	\N	\N	\N	\N	2025-02-17 08:57:41.463585	2025-02-17 08:57:41.463585	.	.	.	.	3/1	.	.	 อันนา	เตรียมอนุบาล	\N	\N	\N	\N	\N	\N	\N	\N	\N	\N	\N	\N	\N	\N	\N	กำลังศึกษา
291	67030309	เด็กชาย	พงษ์พสิษฐ์	บุบผามาลัย				\N	\N	\N	\N	\N	\N	\N	\N	\N	\N	\N	\N	\N	\N	\N	2025-02-17 08:58:12.424713	2025-02-17 08:58:12.424713	.	.	.	.	3/1	.	.	 Running	เตรียมอนุบาล	\N	\N	\N	\N	\N	\N	\N	\N	\N	\N	\N	\N	\N	\N	\N	กำลังศึกษา
292	67030310	เด็กชาย	ปัญญภัทร	ยงศรี				\N	\N	\N	\N	\N	\N	\N	\N	\N	\N	\N	\N	\N	\N	\N	2025-02-17 08:58:41.687973	2025-02-17 08:58:41.687973	.	.	.	.	3/1	.	.	 เพิร์ธ	เตรียมอนุบาล	\N	\N	\N	\N	\N	\N	\N	\N	\N	\N	\N	\N	\N	\N	\N	กำลังศึกษา
293	67030311	เด็กหญิง	กัญวรา	กั้วกำจัด				\N	\N	\N	\N	\N	\N	\N	\N	\N	\N	\N	\N	\N	\N	\N	2025-02-17 08:59:09.089953	2025-02-17 08:59:09.089953	.	.	.	.	3/1	.	.	สเกล	เตรียมอนุบาล	\N	\N	\N	\N	\N	\N	\N	\N	\N	\N	\N	\N	\N	\N	\N	กำลังศึกษา
294	67030312	เด็กชาย	ปุญญพัฒน์	ชวนอุดม				\N	\N	\N	\N	\N	\N	\N	\N	\N	\N	\N	\N	\N	\N	\N	2025-02-17 08:59:35.502806	2025-02-17 08:59:35.502806	.	.	.	.	3/1	.	.	ปุญปุญ	เตรียมอนุบาล	\N	\N	\N	\N	\N	\N	\N	\N	\N	\N	\N	\N	\N	\N	\N	กำลังศึกษา
295	67030313	เด็กหญิง	สันดิ์สุภา	ธำรงค์อนันตสกุล				\N	\N	\N	\N	\N	\N	\N	\N	\N	\N	\N	\N	\N	\N	\N	2025-02-17 09:00:00.205277	2025-02-17 09:00:00.205277	.	.	.	.	3/1	.	.	นานะ	เตรียมอนุบาล	\N	\N	\N	\N	\N	\N	\N	\N	\N	\N	\N	\N	\N	\N	\N	กำลังศึกษา
296	67030314	เด็กหญิง	ณัชชา	โสภณรัตน์				\N	\N	\N	\N	\N	\N	\N	\N	\N	\N	\N	\N	\N	\N	\N	2025-02-17 09:00:26.61103	2025-02-17 09:00:26.61103	.	.	.	.	3/1	.	.	ซูริ	เตรียมอนุบาล	\N	\N	\N	\N	\N	\N	\N	\N	\N	\N	\N	\N	\N	\N	\N	กำลังศึกษา
297	67030315	เด็กชาย	ดนุพัฒน์	วิจารณ์				\N	\N	\N	\N	\N	\N	\N	\N	\N	\N	\N	\N	\N	\N	\N	2025-02-17 09:01:00.12406	2025-02-17 09:01:00.12406	.	.	.	.	3/2	.	.	 ฮอน	เตรียมอนุบาล	\N	\N	\N	\N	\N	\N	\N	\N	\N	\N	\N	\N	\N	\N	\N	กำลังศึกษา
298	67030316	เด็กชาย	ชัชฤทธิ์	เดชบุรัม				\N	\N	\N	\N	\N	\N	\N	\N	\N	\N	\N	\N	\N	\N	\N	2025-02-17 09:01:38.567405	2025-02-17 09:01:38.567405	.	.	.	.	3/2	.	.	 ตะวัน	เตรียมอนุบาล	\N	\N	\N	\N	\N	\N	\N	\N	\N	\N	\N	\N	\N	\N	\N	กำลังศึกษา
299	67030317	เด็กชาย	พงศภัทร	คำมูล				\N	\N	\N	\N	\N	\N	\N	\N	\N	\N	\N	\N	\N	\N	\N	2025-02-17 09:02:10.100169	2025-02-17 09:02:10.100169	.	.	.	.	3/2	.	.	 นะโม	เตรียมอนุบาล	\N	\N	\N	\N	\N	\N	\N	\N	\N	\N	\N	\N	\N	\N	\N	กำลังศึกษา
300	67030318	เด็กหญิง	กชมน	กิจศิลป 				\N	\N	\N	\N	\N	\N	\N	\N	\N	\N	\N	\N	\N	\N	\N	2025-02-17 09:02:49.326927	2025-02-17 09:02:49.326927	.	.	.	.	3/2	.	.	ม่านฟ้า	เตรียมอนุบาล	\N	\N	\N	\N	\N	\N	\N	\N	\N	\N	\N	\N	\N	\N	\N	กำลังศึกษา
301	67030319	เด็กชาย	ไตรนิธิ	ฮองสาขำ				\N	\N	\N	\N	\N	\N	\N	\N	\N	\N	\N	\N	\N	\N	\N	2025-02-17 09:03:21.007521	2025-02-17 09:03:21.007521	.	.	.	.	3/2	.	.	เช็ตต้อน	เตรียมอนุบาล	\N	\N	\N	\N	\N	\N	\N	\N	\N	\N	\N	\N	\N	\N	\N	กำลังศึกษา
302	67030320	เด็กชาย	นชนนท์	พิมพ์ศรี				\N	\N	\N	\N	\N	\N	\N	\N	\N	\N	\N	\N	\N	\N	\N	2025-02-17 09:03:51.114829	2025-02-17 09:03:51.114829	.	.	.	.	3/2	.	.	 อัลไพน์	เตรียมอนุบาล	\N	\N	\N	\N	\N	\N	\N	\N	\N	\N	\N	\N	\N	\N	\N	กำลังศึกษา
303	67030321	เด็กชาย	ธนกร	ไหวพริบ				\N	\N	\N	\N	\N	\N	\N	\N	\N	\N	\N	\N	\N	\N	\N	2025-02-17 09:04:20.358862	2025-02-17 09:04:20.358862	.	.	.	.	3/2	.	.	 ใจดี	เตรียมอนุบาล	\N	\N	\N	\N	\N	\N	\N	\N	\N	\N	\N	\N	\N	\N	\N	กำลังศึกษา
304	67030322	เด็กหญิง	ปิ่นวารี	ภาโนมัย				\N	\N	\N	\N	\N	\N	\N	\N	\N	\N	\N	\N	\N	\N	\N	2025-02-17 09:04:55.999388	2025-02-17 09:04:55.999388	.	.	.	.	3/2	.	.	ปิ่น	เตรียมอนุบาล	\N	\N	\N	\N	\N	\N	\N	\N	\N	\N	\N	\N	\N	\N	\N	กำลังศึกษา
305	67030323	เด็กชาย	ปริญ	จรุงศิรวัฒน์				\N	\N	\N	\N	\N	\N	\N	\N	\N	\N	\N	\N	\N	\N	\N	2025-02-17 09:05:30.066061	2025-02-17 09:05:30.066061	.	.	.	.	3/2	.	.	ปิ่นโต	เตรียมอนุบาล	\N	\N	\N	\N	\N	\N	\N	\N	\N	\N	\N	\N	\N	\N	\N	กำลังศึกษา
306	67030324	เด็กหญิง	ณกมล	จันทร์ขอนแก่น				\N	\N	\N	\N	\N	\N	\N	\N	\N	\N	\N	\N	\N	\N	\N	2025-02-17 09:05:59.407143	2025-02-17 09:05:59.407143	.	.	.	.	3/2	.	.	 เกรซ	เตรียมอนุบาล	\N	\N	\N	\N	\N	\N	\N	\N	\N	\N	\N	\N	\N	\N	\N	กำลังศึกษา
307	67030325	เด็กหญิง	นภัชนันท์	วิถีเทพ				\N	\N	\N	\N	\N	\N	\N	\N	\N	\N	\N	\N	\N	\N	\N	2025-02-17 09:06:36.606483	2025-02-17 09:06:36.606483	.	.	.	.	3/2	.	.	ขนมปัง	เตรียมอนุบาล	\N	\N	\N	\N	\N	\N	\N	\N	\N	\N	\N	\N	\N	\N	\N	กำลังศึกษา
308	67030326	เด็กหญิง	พิมพ์ภัทรพร	ขามพิทักษ์				\N	\N	\N	\N	\N	\N	\N	\N	\N	\N	\N	\N	\N	\N	\N	2025-02-17 09:07:05.788697	2025-02-17 09:07:05.788697	.	.	.	.	3/2	.	.	 ริตา	เตรียมอนุบาล	\N	\N	\N	\N	\N	\N	\N	\N	\N	\N	\N	\N	\N	\N	\N	กำลังศึกษา
309	67030327	เด็กชาย	ภคิน	ศรีลำดวน				\N	\N	\N	\N	\N	\N	\N	\N	\N	\N	\N	\N	\N	\N	\N	2025-02-17 09:07:33.428812	2025-02-17 09:07:33.428812	.	.	.	.	3/2	.	.	บอส	เตรียมอนุบาล	\N	\N	\N	\N	\N	\N	\N	\N	\N	\N	\N	\N	\N	\N	\N	กำลังศึกษา
310	67030328	เด็กหญิง	ปรีญ์ปณัฏฏา	คงสุข				\N	\N	\N	\N	\N	\N	\N	\N	\N	\N	\N	\N	\N	\N	\N	2025-02-17 09:08:00.896939	2025-02-17 09:08:00.896939	.	.	.	.	3/2	.	.	พะแพง	เตรียมอนุบาล	\N	\N	\N	\N	\N	\N	\N	\N	\N	\N	\N	\N	\N	\N	\N	กำลังศึกษา
311	67030329	เด็กชาย	เติมเต็ม	ตามวงศ์				\N	\N	\N	\N	\N	\N	\N	\N	\N	\N	\N	\N	\N	\N	\N	2025-02-17 09:09:51.454556	2025-02-17 09:09:51.454556	.	.	.	.	3/3	.	.	 เติม	เตรียมอนุบาล	\N	\N	\N	\N	\N	\N	\N	\N	\N	\N	\N	\N	\N	\N	\N	กำลังศึกษา
312	67030330	เด็กชาย	ธาราธร	เชี่ยววานิช				\N	\N	\N	\N	\N	\N	\N	\N	\N	\N	\N	\N	\N	\N	\N	2025-02-17 09:10:19.245524	2025-02-17 09:10:19.245524	.	.	.	.	3/3	.	.	สายน้ำ	เตรียมอนุบาล	\N	\N	\N	\N	\N	\N	\N	\N	\N	\N	\N	\N	\N	\N	\N	กำลังศึกษา
313	67030331	เด็กหญิง	พัชรวรรณ์	กุลชะโมรินทร์				\N	\N	\N	\N	\N	\N	\N	\N	\N	\N	\N	\N	\N	\N	\N	2025-02-17 09:10:49.145613	2025-02-17 09:10:49.145613	.	.	.	.	3/3	.	.	 ธีตาร์	เตรียมอนุบาล	\N	\N	\N	\N	\N	\N	\N	\N	\N	\N	\N	\N	\N	\N	\N	กำลังศึกษา
314	67030332	เด็กหญิง	เอวาริน	อินทนา				\N	\N	\N	\N	\N	\N	\N	\N	\N	\N	\N	\N	\N	\N	\N	2025-02-17 09:11:16.328922	2025-02-17 09:11:16.328922	.	.	.	.	3/3	.	.	 เอญ่า	เตรียมอนุบาล	\N	\N	\N	\N	\N	\N	\N	\N	\N	\N	\N	\N	\N	\N	\N	กำลังศึกษา
315	67030333	เด็กชาย	เตชินท์นภัทร	คุณทะวงษ์				\N	\N	\N	\N	\N	\N	\N	\N	\N	\N	\N	\N	\N	\N	\N	2025-02-17 09:11:47.714704	2025-02-17 09:11:47.714704	.	.	.	.	3/3	.	.	 เตชินท์	เตรียมอนุบาล	\N	\N	\N	\N	\N	\N	\N	\N	\N	\N	\N	\N	\N	\N	\N	กำลังศึกษา
317	67030335	เด็กหญิง	ปาณิสรา	แขกอีด				\N	\N	\N	\N	\N	\N	\N	\N	\N	\N	\N	\N	\N	\N	\N	2025-02-17 09:12:42.830007	2025-02-17 09:12:42.830007	.	.	.	.	3/3	.	.	ปริม	เตรียมอนุบาล	\N	\N	\N	\N	\N	\N	\N	\N	\N	\N	\N	\N	\N	\N	\N	กำลังศึกษา
318	67030336	เด็กชาย	ปัณณภัสร์	กมลโชติชัยกิตติ์				\N	\N	\N	\N	\N	\N	\N	\N	\N	\N	\N	\N	\N	\N	\N	2025-02-17 09:13:12.605353	2025-02-17 09:13:12.605353	.	.	.	.	3/3	.	.	 มีน	เตรียมอนุบาล	\N	\N	\N	\N	\N	\N	\N	\N	\N	\N	\N	\N	\N	\N	\N	กำลังศึกษา
319	67030337	เด็กหญิง	ปิติยาพร	อุปจันทร์				\N	\N	\N	\N	\N	\N	\N	\N	\N	\N	\N	\N	\N	\N	\N	2025-02-17 09:13:38.425781	2025-02-17 09:13:38.425781	.	.	.	.	3/3	.	.	แอนฟิลด์	เตรียมอนุบาล	\N	\N	\N	\N	\N	\N	\N	\N	\N	\N	\N	\N	\N	\N	\N	กำลังศึกษา
320	67030338	เด็กหญิง	ลิษา	ทีปสว่าง				\N	\N	\N	\N	\N	\N	\N	\N	\N	\N	\N	\N	\N	\N	\N	2025-02-17 09:14:08.2383	2025-02-17 09:14:08.2383	.	.	.	.	3/3	.	.	 เชอลินน์	เตรียมอนุบาล	\N	\N	\N	\N	\N	\N	\N	\N	\N	\N	\N	\N	\N	\N	\N	กำลังศึกษา
321	67030339	เด็กหญิง	มาเจนตา	บุริม				\N	\N	\N	\N	\N	\N	\N	\N	\N	\N	\N	\N	\N	\N	\N	2025-02-17 09:14:42.600105	2025-02-17 09:14:42.600105	.	.	.	.	3/3	.	.	 มาตา	เตรียมอนุบาล	\N	\N	\N	\N	\N	\N	\N	\N	\N	\N	\N	\N	\N	\N	\N	กำลังศึกษา
322	67030340	เด็กชาย	พาคุณ	โสรมรรค				\N	\N	\N	\N	\N	\N	\N	\N	\N	\N	\N	\N	\N	\N	\N	2025-02-17 09:15:10.385981	2025-02-17 09:15:10.385981	.	.	.	.	3/3	.	.	 พาคุณ	เตรียมอนุบาล	\N	\N	\N	\N	\N	\N	\N	\N	\N	\N	\N	\N	\N	\N	\N	กำลังศึกษา
323	67030341	เด็กหญิง	ปัณณวีร์	ไตรศุภบงคล				\N	\N	\N	\N	\N	\N	\N	\N	\N	\N	\N	\N	\N	\N	\N	2025-02-17 09:15:38.257957	2025-02-17 09:15:38.257957	.	.	.	.	3/3	.	.	ลันตา	เตรียมอนุบาล	\N	\N	\N	\N	\N	\N	\N	\N	\N	\N	\N	\N	\N	\N	\N	กำลังศึกษา
324	67030342	เด็กชาย	วรินทร	โชคเฉลิม				\N	\N	\N	\N	\N	\N	\N	\N	\N	\N	\N	\N	\N	\N	\N	2025-02-17 09:16:04.281006	2025-02-17 09:16:04.281006	.	.	.	.	3/3	.	.	มาร์เวล	เตรียมอนุบาล	\N	\N	\N	\N	\N	\N	\N	\N	\N	\N	\N	\N	\N	\N	\N	กำลังศึกษา
325	67030334	เด็กชาย	กฤษฎิ์	กฤษฎิ์				\N	\N	\N	\N	\N	\N	\N	\N	\N	\N	\N	\N	\N	\N	\N	2025-02-17 09:17:55.528867	2025-02-17 09:17:55.528867	.	.	.	.	3/3	.	.	 กริด	เตรียมอนุบาล	\N	\N	\N	\N	\N	\N	\N	\N	\N	\N	\N	\N	\N	\N	\N	กำลังศึกษา
330	99999	เด็กชาย	ทดสอบ	ทดสอบ				\N	\N	\N	\N	\N	\N	\N	\N	\N	\N	\N	\N	\N	\N	\N	2025-02-18 13:22:42.848152	2025-02-18 13:22:42.848152	\N	\N	\N	\N	กลาง1	\N	\N	ทดสอบ	เด็กกลาง	\N	\N	\N	\N	\N	\N	\N	\N	\N	\N	\N	\N	\N	\N	\N	กำลังศึกษา
331	111111	เด็กหญิง	ทดสอบ2	ทดสอบ2				\N	\N	\N	\N	\N	\N	\N	\N	\N	\N	\N	\N	\N	\N	\N	2025-02-18 13:26:36.551898	2025-02-18 13:26:36.551898	\N	\N	\N	\N	ห้อง1/1	\N	\N	ทดสอบ2	เด็กโต	\N	\N	\N	\N	\N	\N	\N	\N	\N	\N	\N	\N	\N	\N	\N	กำลังศึกษา
12	66332210002-0	เด็กชาย	ด็อกเตอร์	ด็อกแด๊ก	Mr.	DR.	DRtor	\N		\N	\N		ไทย		6	\N		\N	\N	ชาย		../../../public/uploads/profiles/profile_1739759023_663322100020.jpg	2024-12-12 13:54:00.064285	2025-02-20 13:07:58.071907	ไก่	ด็อกแด๊ก	น้อย	ด็อกแด๊ก	ห้อง1/2	0455674867	0235756783	นิลตัน	เด็กโต	../../../public/uploads/qrcodes/qr_66332210002-0.png	\N	\N	\N	\N	\N	\N	\N	\N	\N	\N	\N	\N	\N	\N	กำลังศึกษา
48	1	เด็กหญิง	เปรมณัฐย์นิฌา	 เอกภาพันธ์		.	.	\N	\N	\N	\N	\N	\N	\N	\N	\N	\N	\N	\N	\N	\N	\N	2025-01-29 13:37:44.153241	2025-02-20 14:29:00.801579	.	.	.	.	กลาง1	.	.	เฌอรีน	เด็กกลาง	../../../public/uploads/qrcodes/qr_1740036540_1.png	\N	\N	\N	\N	\N	\N	\N	\N	\N	\N	\N	\N	\N	\N	กำลังศึกษา
332	3333	เด็กชาย	ทดสอบ3	ทดสอบ3				\N		\N	\N	ไทย	\N	\N	\N	\N		\N	\N	ชาย		\N	2025-02-21 11:08:31.965163	2025-02-21 14:00:18.764035					กลาง1			ทดสอบ3	เด็กกลาง	\N	O	\N	\N	\N	\N	\N	\N	\N	\N	\N	\N	\N	\N	2566	กำลังศึกษา
333	55555555	เด็กชาย	ทดสอบ5	ทดสอบ5				\N	\N	\N	\N	\N	\N	\N	\N	\N	\N	\N	\N	\N	\N	../../../public/uploads/profiles/profile_1740467621_55555555.jpg	2025-02-25 14:13:41.972825	2025-02-25 14:13:41.972825	\N	\N	\N	\N	ห้อง1/1	\N	\N	ทดสอบ5	เด็กกลาง	\N	\N	\N	\N	\N	\N	\N	\N	\N	\N	\N	\N	\N	\N	2568	กำลังศึกษา
\.


--
-- Data for Name: attendance; Type: TABLE DATA; Schema: public; Owner: postgres
--

COPY public.attendance (id, student_id, check_date, status, leave_note, created_at, updated_at, is_recorded, status_checkout, check_out_time) FROM stdin;
14	6633221001-1	2025-01-23 07:43:00	present	\N	2025-01-23 04:35:51.384791	2025-01-23 04:44:02.144688	t	no_checked_out	\N
19	66332210001-9	2025-01-23 11:49:01	late	มาสาย	2025-01-23 04:49:02.999213	2025-01-23 04:49:02.999213	t	no_checked_out	\N
15	66332210002-0	2025-01-23 12:46:00	late	มาสาย	2025-01-23 04:37:46.01704	2025-01-23 05:46:56.43493	t	no_checked_out	\N
16	66332210001-2	2025-01-23 12:47:00	late	มาสาย	2025-01-23 04:40:16.014532	2025-01-23 05:47:06.32381	t	no_checked_out	\N
60	6633221001-1	2025-02-20 13:08:00	late	มาสาย	2025-02-20 13:08:59.114973	2025-02-20 13:08:59.114973	t	no_checked_out	\N
10	68332210056-2	2025-01-23 00:00:00	absent	\N	2025-01-23 04:29:10.651611	2025-01-27 14:58:38.159944	t	\N	\N
18	66332210001-1	2025-01-23 15:17:00	late	มาสาย	2025-01-23 04:48:44.012216	2025-01-27 15:17:57.973824	t	no_checked_out	\N
24	66332210001-1	2025-01-27 15:24:57	late	มาสาย	2025-01-27 15:24:57.382671	2025-01-27 15:24:57.382671	t	no_checked_out	\N
25	6633221001-1	2025-01-27 06:25:00	present	\N	2025-01-27 15:25:05.440743	2025-01-27 15:25:05.440743	t	no_checked_out	\N
23	68332210056-2	2025-01-27 00:00:00	absent	\N	2025-01-27 15:20:16.915788	2025-01-27 15:26:06.300677	t	\N	\N
26	68332210056-2	2025-01-28 09:19:00	late	มาสาย	2025-01-28 09:19:36.176716	2025-01-28 09:19:36.176716	t	no_checked_out	\N
27	66332210001-1	2025-01-28 09:19:00	late	มาสาย	2025-01-28 09:19:44.312082	2025-01-28 09:19:44.312082	t	no_checked_out	\N
28	6633221001-1	2025-01-28 06:19:00	present	\N	2025-01-28 09:19:54.73121	2025-01-28 09:19:54.73121	t	no_checked_out	\N
29	68332210056-2	2025-01-29 09:30:00	late	มาสาย	2025-01-29 09:30:03.899256	2025-01-29 09:30:03.899256	t	no_checked_out	\N
30	66332210001-1	2025-01-29 09:30:00	late	มาสาย	2025-01-29 09:30:12.124222	2025-01-29 09:30:12.124222	t	no_checked_out	\N
31	6633221001-1	2025-01-29 06:30:00	present	\N	2025-01-29 09:30:20.53761	2025-01-29 09:30:20.53761	t	no_checked_out	\N
32	68332210059-6	2025-01-31 10:46:00	late	มาสาย	2025-01-31 10:46:50.253286	2025-01-31 10:46:50.253286	t	no_checked_out	\N
33	68332210056-2	2025-01-31 10:47:00	late	มาสาย	2025-01-31 10:47:07.500954	2025-01-31 10:47:07.500954	t	no_checked_out	\N
34	68332210056-2	2025-02-02 17:01:00	late	มาสาย	2025-02-02 17:01:35.591978	2025-02-02 17:01:35.591978	t	no_checked_out	\N
35	66332210001-1	2025-02-02 17:01:00	late	มาสาย	2025-02-02 17:01:38.861057	2025-02-02 17:01:38.861057	t	no_checked_out	\N
36	6633221001-1	2025-02-02 17:01:00	late	มาสาย	2025-02-02 17:01:41.496265	2025-02-02 17:01:41.496265	t	no_checked_out	\N
37	68332210059-6	2025-02-03 11:15:00	late	มาสาย	2025-02-03 11:15:34.637521	2025-02-03 23:16:17.439157	t	checked_out	17:20:00
38	68332210059-6	2024-11-03 23:21:00	late	มาสาย	2025-02-03 23:21:20.511041	2025-02-03 23:21:20.511041	t	no_checked_out	\N
39	68332210056-2	2025-02-05 14:38:00	late	มาสาย	2025-02-05 14:38:07.937744	2025-02-05 14:38:07.937744	t	no_checked_out	\N
40	66332210001-1	2025-02-05 14:38:00	late	มาสาย	2025-02-05 14:38:42.506834	2025-02-05 14:38:42.506834	t	no_checked_out	\N
41	6633221001-1	2025-02-05 14:38:00	late	มาสาย	2025-02-05 14:38:45.792933	2025-02-05 14:38:45.792933	t	no_checked_out	\N
42	68332210056-2	2025-02-06 14:34:00	late	มาสาย	2025-02-06 14:34:21.379533	2025-02-06 14:34:21.379533	t	no_checked_out	\N
43	66332210001-1	2025-02-06 14:34:00	late	มาสาย	2025-02-06 14:34:24.61572	2025-02-06 14:34:24.61572	t	no_checked_out	\N
44	6633221001-1	2025-02-06 14:34:00	late	มาสาย	2025-02-06 14:34:27.434795	2025-02-06 14:34:27.434795	t	no_checked_out	\N
45	68332210056-2	2025-02-10 08:59:00	late	มาสาย	2025-02-10 08:59:58.28972	2025-02-10 08:59:58.28972	t	no_checked_out	\N
46	66332210001-1	2025-02-10 09:00:00	late	มาสาย	2025-02-10 09:00:05.807464	2025-02-10 09:00:05.807464	t	no_checked_out	\N
48	6633221001-1	2025-02-10 09:00:00	late	มาสาย	2025-02-10 09:00:25.737584	2025-02-10 09:00:25.737584	t	no_checked_out	\N
49	68332210056-2	2025-02-16 13:15:00	late	มาสาย	2025-02-16 13:16:00.594435	2025-02-16 13:16:00.594435	t	no_checked_out	\N
50	66332210001-1	2025-02-16 18:16:00	late	มาสาย	2025-02-16 13:16:14.931596	2025-02-16 13:16:14.931596	t	no_checked_out	\N
51	6633221001-1	2025-02-16 13:16:00	late	มาสาย	2025-02-16 13:16:20.011725	2025-02-16 13:16:20.011725	t	no_checked_out	\N
52	68332210056-2	2025-02-17 10:46:00	late	มาสาย	2025-02-17 10:46:44.77713	2025-02-17 10:46:44.77713	t	no_checked_out	\N
53	66332210001-1	2025-02-17 10:46:00	late	มาสาย	2025-02-17 10:46:47.417097	2025-02-17 10:46:47.417097	t	no_checked_out	\N
54	6633221001-1	2025-02-17 10:46:00	late	มาสาย	2025-02-17 10:46:50.654753	2025-02-17 10:46:50.654753	t	no_checked_out	\N
55	68332210056-2	2025-02-18 09:41:00	late	มาสาย	2025-02-18 09:41:11.992628	2025-02-18 09:41:11.992628	t	no_checked_out	\N
56	66332210001-1	2025-02-18 06:41:00	present	\N	2025-02-18 09:41:21.747317	2025-02-18 09:41:21.747317	t	no_checked_out	\N
58	68332210056-2	2025-02-20 13:08:00	late	มาสาย	2025-02-20 13:08:52.316485	2025-02-20 13:08:52.316485	t	no_checked_out	\N
59	66332210001-1	2025-02-20 13:08:00	late	มาสาย	2025-02-20 13:08:55.912274	2025-02-20 13:08:55.912274	t	no_checked_out	\N
61	111111	2025-02-20 14:52:00	late	มาสาย	2025-02-20 14:52:29.301214	2025-02-20 14:52:29.301214	t	no_checked_out	\N
\.


--
-- Data for Name: classrooms; Type: TABLE DATA; Schema: public; Owner: postgres
--

COPY public.classrooms (classroom_id, classroom_name, child_group, status, created_at, updated_at) FROM stdin;
1	โต1	เด็กโต	active	2025-02-18 13:06:59.807258	2025-02-18 13:06:59.807258
2	โต2	เด็กโต	active	2025-02-18 13:09:35.800835	2025-02-18 13:09:35.800835
3	โต3	เด็กโต	active	2025-02-18 13:09:41.350108	2025-02-18 13:09:41.350108
4	โต4	เด็กโต	active	2025-02-18 13:09:46.857391	2025-02-18 13:09:46.857391
5	โต5	เด็กโต	active	2025-02-18 13:10:01.466609	2025-02-18 13:10:01.466609
6	โต6	เด็กโต	active	2025-02-18 13:10:06.997841	2025-02-18 13:10:06.997841
7	โต7	เด็กโต	active	2025-02-18 13:10:12.696106	2025-02-18 13:10:12.696106
8	กลาง1	เด็กกลาง	active	2025-02-18 13:10:31.155996	2025-02-18 13:10:31.155996
9	กลาง2	เด็กกลาง	active	2025-02-18 13:10:36.917469	2025-02-18 13:10:36.917469
10	กลาง3	เด็กกลาง	active	2025-02-18 13:10:41.335594	2025-02-18 13:10:41.335594
11	1/1	เตรียมอนุบาล	active	2025-02-18 13:10:52.770482	2025-02-18 13:10:52.770482
12	1/2	เตรียมอนุบาล	active	2025-02-18 13:11:02.016233	2025-02-18 13:11:02.016233
13	1/3	เตรียมอนุบาล	active	2025-02-18 13:11:08.215598	2025-02-18 13:11:08.215598
14	2/1	เตรียมอนุบาล	active	2025-02-18 13:11:15.873758	2025-02-18 13:11:15.873758
15	2/2	เตรียมอนุบาล	active	2025-02-18 13:11:22.534063	2025-02-18 13:11:22.534063
16	2/3	เตรียมอนุบาล	active	2025-02-18 13:11:29.239184	2025-02-18 13:11:29.239184
17	3/1	เตรียมอนุบาล	active	2025-02-18 13:11:35.390256	2025-02-18 13:11:35.390256
18	3/2	เตรียมอนุบาล	active	2025-02-18 13:11:41.194205	2025-02-18 13:11:41.194205
19	3/3	เตรียมอนุบาล	active	2025-02-18 13:11:47.875236	2025-02-18 13:11:47.875236
20	ห้อง1/1	เด็กกลาง	active	2025-02-18 13:25:32.784493	2025-02-18 13:25:32.784493
21	ห้อง1/1	เด็กโต	active	2025-02-18 13:25:36.980877	2025-02-18 13:25:36.980877
22	ห้อง1/2	เด็กโต	active	2025-02-18 13:25:41.429813	2025-02-18 13:25:41.429813
23	ห้อง1/1	เตรียมอนุบาล	active	2025-02-18 13:25:48.30166	2025-02-18 13:25:48.30166
24	ห้อง1/2	เตรียมอนุบาล	active	2025-02-18 13:25:52.908929	2025-02-18 13:25:52.908929
25	ห้อง1/3	เด็กโต	active	2025-02-18 13:25:57.399797	2025-02-18 13:25:57.399797
\.


--
-- Data for Name: drug_allergies; Type: TABLE DATA; Schema: public; Owner: postgres
--

COPY public.drug_allergies (id, student_id, drug_name, detection_method, symptoms, has_allergy_card, created_at, updated_at) FROM stdin;
2	66332210001-1	แอสไพริน (Aspirin) ยาลดการอักเสบกลุ่ม NSAIDs	symptoms_after_use	type1	f	2025-01-31 15:06:31.025057	2025-02-03 14:53:38.0932
3	6633221001-1	แอสไพริน (Aspirin) ยาลดการอักเสบกลุ่ม NSAIDs	blood_test	type4	t	2025-02-03 16:15:13.026151	2025-02-03 16:15:13.026151
4	68332210056-2	แอสไพริน (Aspirin) ยาลดการอักเสบกลุ่ม NSAIDs	symptoms_after_use	type2	t	2025-02-03 16:16:10.729394	2025-02-03 16:16:10.729394
5	66332210002-0	แอสไพริน (Aspirin) ยาลดการอักเสบกลุ่ม NSAIDs	skin_testing	type5	t	2025-02-05 10:19:32.261821	2025-02-05 10:19:32.261821
6	66332210001-2	แอสไพริน (Aspirin) ยาลดการอักเสบกลุ่ม NSAIDs	skin_testing	type4	t	2025-02-05 13:23:48.192664	2025-02-05 13:23:48.192664
1	68332210059-6	แอสไพริน (Aspirin) ยาลดการอักเสบกลุ่ม NSAIDs	skin_testing	type3	f	2025-01-30 16:24:53.375438	2025-02-13 09:42:17.660212
7	66332210001-9	แอสไพริน (Aspirin) ยาลดการอักเสบกลุ่ม NSAIDs	repeat_use	type4	f	2025-02-13 15:47:24.036115	2025-02-13 15:56:04.943052
12	3333	แอสไพริน (Aspirin) ยาลดการอักเสบกลุ่ม NSAIDs	blood_test	type1	t	2025-02-21 13:48:47.428951	2025-02-21 13:59:11.727768
\.


--
-- Data for Name: food_allergies; Type: TABLE DATA; Schema: public; Owner: postgres
--

COPY public.food_allergies (id, student_id, food_name, detection_method, digestive_symptoms, skin_symptoms, respiratory_symptoms, created_at, updated_at) FROM stdin;
2	66332210001-1	กุ้ง	blood_test	{bloody_stool,vomiting}	{urticaria,eye_swelling,mouth_rash}	{wheezing,runny_nose,nasal_congestion}	2025-01-31 15:06:31.02936	2025-02-03 14:53:38.102701
4	6633221001-1	ไข่ไก่	symptoms_after_eat	{bloody_stool,vomiting}	{urticaria,eye_swelling,mouth_rash,atopic_dermatitis}	{wheezing,runny_nose,nasal_congestion,breathing_difficulty}	2025-02-03 16:15:13.022047	2025-02-03 16:15:13.022047
5	68332210056-2	ไข่ไก่	skin_testing	{bloody_stool,vomiting}	{}	{runny_nose,nasal_congestion}	2025-02-03 16:16:10.730442	2025-02-03 16:16:10.730442
6	66332210002-0	ปลาหมึก	skin_testing	{}	{}	{}	2025-02-05 10:19:32.321076	2025-02-05 10:19:32.321076
7	66332210001-2	ปลาหมึก	skin_testing	{bloody_stool,vomiting}	{eye_swelling,mouth_rash}	{wheezing}	2025-02-05 13:23:48.257123	2025-02-05 13:23:48.257123
1	68332210059-6	ปลาหมึก	symptoms_after_eat	{bloody_stool,vomiting}	{urticaria}	{cough,wheezing}	2025-01-30 16:28:53.487503	2025-02-06 09:47:33.792865
8	66332210001-9	ไข่เป็ด	skin_testing	{bloody_stool,vomiting}	{mouth_rash,atopic_dermatitis}	{wheezing}	2025-02-13 15:47:24.095134	2025-02-13 15:47:24.095134
12	3333	ไข่ไก่	blood_test	{vomiting}	{eye_swelling,mouth_rash}	{cough,wheezing}	2025-02-21 13:59:42.300666	2025-02-21 13:59:56.220207
\.


--
-- Data for Name: growth_records; Type: TABLE DATA; Schema: public; Owner: postgres
--

COPY public.growth_records (id, student_id, age_year, age_month, age_day, weight, height, head_circumference, is_draft, age_range, created_at, updated_at, child_group, sex, gm_issue, fm_issue, rl_issue, el_issue, ps_issue, gm_status, fm_status, rl_status, el_status, ps_status) FROM stdin;
2	68332210056-2	5	4	5	21.00	122.00	5.00	f	5	2025-02-11 10:23:31	2025-02-17 11:44:17.087921	\N	\N	\N	\N	\N	\N	\N	\N	\N	\N	\N	\N
7	68332210056-2	5	4	4	20.00	121.00	4.00	f	5	2025-02-10 10:27:15	2025-02-17 11:44:17.087921	\N	\N	\N	\N	\N	\N	\N	\N	\N	\N	\N	\N
8	66332210001-1	2	5	6	21.00	121.00	5.00	f	0-2	2025-02-16 13:29:49	2025-02-17 11:44:17.087921	\N	\N	\N	\N	\N	\N	\N	\N	\N	\N	\N	\N
9	6633221001-1	2	8	7	15.00	123.00	11.10	f	0-2	2025-02-16 13:46:54	2025-02-17 11:44:17.087921	เด็กโต	หญิง	\N	\N	\N	\N	\N	\N	\N	\N	\N	\N
10	68332210056-2	2	6	5	25.00	125.00	25.00	f	0-2	2025-02-16 14:51:49	2025-02-17 11:44:17.087921	เด็กโต	ชาย	\N	\N	\N	\N	\N	\N	\N	\N	\N	\N
12	66332210001-1	2	6	4	25.00	116.00	53.00	f	0-2	2025-02-17 10:02:30	2025-02-17 15:33:01.749496	เด็กโต	F	\N	\N	\N	\N	\N	pass	pass	pass	pass	pass
17	6633221001-1	2	8	7	25.60	125.00	53.00	f	0-2	2025-02-17 14:17:45	2025-02-17 15:33:08.824826	เด็กโต	หญิง	\N	\N	\N	\N	\N	pass	pass	pass	pass	pass
11	68332210056-2	2	6	7	26.40	115.00	52.00	f	0-2	2025-02-17 10:02:04	2025-02-17 15:33:19.592673	เด็กโต	F	\N	\N	\N	\N	\N	delay	delay	delay	pass	pass
18	68332210056-2	2	6	6	27.00	126.00	56.00	f	0-2	2025-02-18 09:27:06	2025-02-18 09:27:29.666184	เด็กโต	ชาย	\N	\N	\N	\N	\N	pass	pass	pass	delay	pass
19	66332210001-1	2	6	6	25.00	118.00	53.00	f	0-2	2025-02-18 09:29:22	2025-02-18 09:33:01.815665	เด็กโต	หญิง	\N	\N	\N	\N	\N	pass	pass	delay	pass	pass
20	68332210056-2	2	6	6	25.00	125.00	53.00	f	0-2	2025-02-20 14:19:12	2025-02-20 15:09:41.289758	เด็กโต	ชาย	\N	\N	\N	\N	\N	pass	pass	pass	delay	pass
21	111111	2	8	7	28.00	123.00	56.00	f	0-2	2025-02-20 16:08:14	2025-02-20 16:08:14.977188	เด็กโต	null	\N	\N	\N	\N	\N	pass	pass	pass	pass	pass
\.


--
-- Data for Name: health_data; Type: TABLE DATA; Schema: public; Owner: postgres
--

COPY public.health_data (id, student_id, prefix_th, first_name_th, last_name_th, child_group, classroom, hair, eye, mouth, teeth, ears, nose, nails, skin, hands_feet, arms_legs, body, symptoms, medicine, illness_reason, accident_reason, teacher_note, teacher_signature, created_at, updated_at, eye_condition, nose_condition, teeth_count, fever_temp, cough_type, skin_wound_detail, skin_rash_detail, medicine_detail, hair_reason, eye_reason, nose_reason, symptoms_reason, medicine_reason) FROM stdin;
2	6633221001-1	เด็กหญิง	โลตัด	เฟรช	เด็กโต	ห้อง 1/1	["\\u0e2a\\u0e30\\u0e2d\\u0e32\\u0e14"]	[]	["\\u0e2a\\u0e30\\u0e2d\\u0e32\\u0e14"]	["\\u0e2a\\u0e30\\u0e2d\\u0e32\\u0e14"]	["\\u0e2a\\u0e30\\u0e2d\\u0e32\\u0e14"]	["\\u0e2a\\u0e30\\u0e2d\\u0e32\\u0e14"]	["\\u0e2a\\u0e30\\u0e2d\\u0e32\\u0e14"]	["\\u0e2a\\u0e30\\u0e2d\\u0e32\\u0e14"]	["\\u0e1b\\u0e01\\u0e15\\u0e34"]	["\\u0e1b\\u0e01\\u0e15\\u0e34"]	["\\u0e1b\\u0e01\\u0e15\\u0e34"]	["\\u0e44\\u0e21\\u0e48\\u0e21\\u0e35"]	["\\u0e44\\u0e21\\u0e48\\u0e21\\u0e35"]				\n                                Alice Johnson\n                            	2025-01-05 15:51:34.427576	\N	\N	\N	\N	\N	\N	\N	\N	\N	\N	\N	\N	\N	\N
4	66332210001-1	เด็กหญิง	เนโกะ	จัง	เด็กโต	ห้อง 1/1	["\\u0e2a\\u0e30\\u0e2d\\u0e32\\u0e14"]	[]	["\\u0e21\\u0e35\\u0e41\\u0e1c\\u0e25\\u0e43\\u0e19\\u0e1b\\u0e32\\u0e01"]	[]	["\\u0e21\\u0e35\\u0e02\\u0e35\\u0e49\\u0e2b\\u0e39"]	[]	["\\u0e44\\u0e21\\u0e48\\u0e2a\\u0e30\\u0e2d\\u0e32\\u0e14","\\u0e40\\u0e25\\u0e47\\u0e1a\\u0e22\\u0e32\\u0e27"]	["\\u0e21\\u0e35\\u0e1c\\u0e37\\u0e48\\u0e19"]	["\\u0e15\\u0e38\\u0e48\\u0e21\\u0e43\\u0e2a"]	["\\u0e15\\u0e38\\u0e48\\u0e21\\u0e2b\\u0e19\\u0e2d\\u0e07"]	["\\u0e1b\\u0e01\\u0e15\\u0e34"]	["\\u0e44\\u0e21\\u0e48\\u0e21\\u0e35"]	["\\u0e21\\u0e35\\u0e22\\u0e32","\\u0e40\\u0e1e\\u0e34\\u0e48\\u0e21\\u0e40\\u0e15\\u0e34\\u0e21: \\u0e0f\\u0e24\\"\\u0e0f\\u0e24\\"\\u0e0f"]	ฟไกฟไก	ฟไกฟไ	ฟไกฟไกฟ	Alice Johnson	2025-01-05 15:57:01.369651	\N	\N	\N	\N	\N	\N	\N	\N	\N	\N	\N	\N	\N	\N
5	6633221001-1	เด็กหญิง	โลตัด	เฟรช	เด็กโต	ห้อง 1/1	["\\u0e2a\\u0e30\\u0e2d\\u0e32\\u0e14"]	[]	["\\u0e2a\\u0e30\\u0e2d\\u0e32\\u0e14"]	["\\u0e44\\u0e21\\u0e48\\u0e2a\\u0e30\\u0e2d\\u0e32\\u0e14"]	["\\u0e2a\\u0e30\\u0e2d\\u0e32\\u0e14"]	["\\u0e2a\\u0e30\\u0e2d\\u0e32\\u0e14"]	["\\u0e2a\\u0e30\\u0e2d\\u0e32\\u0e14"]	["\\u0e2a\\u0e30\\u0e2d\\u0e32\\u0e14"]	["\\u0e1b\\u0e01\\u0e15\\u0e34"]	["\\u0e1b\\u0e01\\u0e15\\u0e34"]	["\\u0e08\\u0e38\\u0e14\\u0e2b\\u0e23\\u0e37\\u0e2d\\u0e1c\\u0e37\\u0e48\\u0e19"]	[]	["\\u0e21\\u0e35\\u0e22\\u0e32","\\u0e40\\u0e1e\\u0e34\\u0e48\\u0e21\\u0e40\\u0e15\\u0e34\\u0e21: \\u0e44\\u0e01\\u0e1f\\u0e44\\u0e01\\u0e1f\\u0e44\\u0e01"]	ฟไกฟไก	กฟไกฟไก	ไกฟไกฟไก	Alice Johnson	2025-01-05 15:57:01.37311	\N	\N	\N	\N	\N	\N	\N	\N	\N	\N	\N	\N	\N	\N
6	66332210002-0	เด็กชาย	ด็อกเตอร์	ด็อกแด๊ก	เด็กโต	ห้อง 1/2	["\\u0e2a\\u0e30\\u0e2d\\u0e32\\u0e14"]	[]	["\\u0e2a\\u0e30\\u0e2d\\u0e32\\u0e14"]	["\\u0e2a\\u0e30\\u0e2d\\u0e32\\u0e14"]	["\\u0e2a\\u0e30\\u0e2d\\u0e32\\u0e14"]	["\\u0e2a\\u0e30\\u0e2d\\u0e32\\u0e14"]	["\\u0e2a\\u0e30\\u0e2d\\u0e32\\u0e14"]	["\\u0e2a\\u0e30\\u0e2d\\u0e32\\u0e14"]	["\\u0e1b\\u0e01\\u0e15\\u0e34"]	["\\u0e1b\\u0e01\\u0e15\\u0e34"]	["\\u0e1b\\u0e01\\u0e15\\u0e34"]	["\\u0e44\\u0e21\\u0e48\\u0e21\\u0e35"]	["\\u0e44\\u0e21\\u0e48\\u0e21\\u0e35"]				Alice Johnson	2025-01-05 16:12:28.81344	\N	\N	\N	\N	\N	\N	\N	\N	\N	\N	\N	\N	\N	\N
8	6633221001-1	เด็กหญิง	โลตัด	เฟรช	เด็กโต	ห้อง 1/1	["\\u0e2a\\u0e30\\u0e2d\\u0e32\\u0e14"]	["\\u0e1b\\u0e01\\u0e15\\u0e34"]	["\\u0e2a\\u0e30\\u0e2d\\u0e32\\u0e14"]	["\\u0e2a\\u0e30\\u0e2d\\u0e32\\u0e14"]	["\\u0e2a\\u0e30\\u0e2d\\u0e32\\u0e14"]	["\\u0e2a\\u0e30\\u0e2d\\u0e32\\u0e14"]	["\\u0e2a\\u0e30\\u0e2d\\u0e32\\u0e14"]	["\\u0e2a\\u0e30\\u0e2d\\u0e32\\u0e14"]	[]	["\\u0e1b\\u0e01\\u0e15\\u0e34"]	["\\u0e1b\\u0e01\\u0e15\\u0e34"]	["\\u0e44\\u0e21\\u0e48\\u0e21\\u0e35"]	["\\u0e44\\u0e21\\u0e48\\u0e21\\u0e35"]				Alice Johnson	2025-01-05 16:14:31.783365	\N	\N	\N	\N	\N	\N	\N	\N	\N	\N	\N	\N	\N	\N
9	66332210002-0	เด็กชาย	ด็อกเตอร์	ด็อกแด๊ก	เด็กโต	ห้อง 1/2	["\\u0e1c\\u0e21\\u0e22\\u0e32\\u0e27"]	["\\u0e15\\u0e32\\u0e41\\u0e14\\u0e07"]	["\\u0e2a\\u0e30\\u0e2d\\u0e32\\u0e14"]	["\\u0e2a\\u0e30\\u0e2d\\u0e32\\u0e14"]	["\\u0e2a\\u0e30\\u0e2d\\u0e32\\u0e14"]	["\\u0e2a\\u0e30\\u0e2d\\u0e32\\u0e14"]	["\\u0e2a\\u0e30\\u0e2d\\u0e32\\u0e14"]	["\\u0e2a\\u0e30\\u0e2d\\u0e32\\u0e14"]	["\\u0e1b\\u0e01\\u0e15\\u0e34"]	["\\u0e1b\\u0e01\\u0e15\\u0e34"]	["\\u0e1b\\u0e01\\u0e15\\u0e34"]	["\\u0e44\\u0e21\\u0e48\\u0e21\\u0e35"]	["\\u0e44\\u0e21\\u0e48\\u0e21\\u0e35"]				Alice Johnson	2025-01-05 16:15:06.422244	2025-01-05 16:24:59.122748	\N	\N	\N	\N	\N	\N	\N	\N	\N	\N	\N	\N	\N
10	66332210001-1	เด็กหญิง	เนโกะ	จัง	เด็กโต	ห้อง 1/1	["\\u0e21\\u0e35\\u0e40\\u0e2b\\u0e32"]	["\\u0e1b\\u0e01\\u0e15\\u0e34"]	["\\u0e21\\u0e35\\u0e01\\u0e25\\u0e34\\u0e48\\u0e19\\u0e1b\\u0e32\\u0e01","\\u0e21\\u0e35\\u0e41\\u0e1c\\u0e25\\u0e43\\u0e19\\u0e1b\\u0e32\\u0e01"]	["\\u0e44\\u0e21\\u0e48\\u0e2a\\u0e30\\u0e2d\\u0e32\\u0e14"]	["\\u0e21\\u0e35\\u0e02\\u0e35\\u0e49\\u0e2b\\u0e39"]	[]	["\\u0e2a\\u0e30\\u0e2d\\u0e32\\u0e14"]	["\\u0e21\\u0e35\\u0e41\\u0e1c\\u0e25"]	["\\u0e1b\\u0e01\\u0e15\\u0e34"]	["\\u0e15\\u0e38\\u0e48\\u0e21\\u0e43\\u0e2a"]	["\\u0e1b\\u0e01\\u0e15\\u0e34"]	["\\u0e44\\u0e21\\u0e48\\u0e21\\u0e35"]	["\\u0e44\\u0e21\\u0e48\\u0e21\\u0e35"]		ผึ้งต่อย	น้องพูดเก่งมากๆ	Alice Johnson	2025-01-07 14:22:41.432508	\N	\N	\N	\N	\N	\N	\N	\N	\N	\N	\N	\N	\N	\N
11	6633221001-1	เด็กหญิง	โลตัด	เฟรช	เด็กโต	ห้อง 1/1	["\\u0e2a\\u0e30\\u0e2d\\u0e32\\u0e14"]	["\\u0e15\\u0e32\\u0e41\\u0e14\\u0e07"]	["\\u0e2a\\u0e30\\u0e2d\\u0e32\\u0e14"]	[]	["\\u0e2a\\u0e30\\u0e2d\\u0e32\\u0e14"]	[]	["\\u0e44\\u0e21\\u0e48\\u0e2a\\u0e30\\u0e2d\\u0e32\\u0e14","\\u0e40\\u0e25\\u0e47\\u0e1a\\u0e22\\u0e32\\u0e27"]	["\\u0e21\\u0e35\\u0e1c\\u0e37\\u0e48\\u0e19"]	["\\u0e15\\u0e38\\u0e48\\u0e21\\u0e2b\\u0e19\\u0e2d\\u0e07"]	["\\u0e08\\u0e38\\u0e14\\u0e2b\\u0e23\\u0e37\\u0e2d\\u0e1c\\u0e37\\u0e48\\u0e19"]	["\\u0e1b\\u0e01\\u0e15\\u0e34"]	["\\u0e40\\u0e1e\\u0e34\\u0e48\\u0e21\\u0e40\\u0e15\\u0e34\\u0e21: \\u0e40\\u0e2a\\u0e21\\u0e2b\\u0e30\\u0e2a\\u0e35\\u0e40\\u0e02\\u0e35\\u0e22\\u0e27"]	["\\u0e21\\u0e35\\u0e22\\u0e32","\\u0e40\\u0e1e\\u0e34\\u0e48\\u0e21\\u0e40\\u0e15\\u0e34\\u0e21: \\u0e22\\u0e32\\u0e41\\u0e01\\u0e49\\u0e44\\u0e2d"]	ปวดหัวเล็กน้อย			Alice Johnson	2025-01-07 14:22:41.436235	\N	\N	\N	\N	\N	\N	\N	\N	\N	\N	\N	\N	\N	\N
12	66332210001-1	เด็กหญิง	เนโกะ	จัง	เด็กโต	ห้อง 1/1	["\\u0e2a\\u0e30\\u0e2d\\u0e32\\u0e14"]	["\\u0e1b\\u0e01\\u0e15\\u0e34"]	["\\u0e2a\\u0e30\\u0e2d\\u0e32\\u0e14"]	["\\u0e44\\u0e21\\u0e48\\u0e2a\\u0e30\\u0e2d\\u0e32\\u0e14"]	["\\u0e2a\\u0e30\\u0e2d\\u0e32\\u0e14"]	["\\u0e2a\\u0e30\\u0e2d\\u0e32\\u0e14"]	["\\u0e2a\\u0e30\\u0e2d\\u0e32\\u0e14"]	[]	[]	[]	[]	[]	[]				Alice Johnson	2025-01-09 10:09:01.760189	\N	\N	\N	\N	\N	\N	\N	\N	\N	\N	\N	\N	\N	\N
13	6633221001-1	เด็กหญิง	โลตัด	เฟรช	เด็กโต	ห้อง 1/1	["\\u0e2a\\u0e30\\u0e2d\\u0e32\\u0e14"]	["\\u0e1b\\u0e01\\u0e15\\u0e34"]	["\\u0e2a\\u0e30\\u0e2d\\u0e32\\u0e14"]	["\\u0e44\\u0e21\\u0e48\\u0e2a\\u0e30\\u0e2d\\u0e32\\u0e14"]	["\\u0e2a\\u0e30\\u0e2d\\u0e32\\u0e14"]	["\\u0e2a\\u0e30\\u0e2d\\u0e32\\u0e14"]	["\\u0e44\\u0e21\\u0e48\\u0e2a\\u0e30\\u0e2d\\u0e32\\u0e14"]	[]	[]	[]	[]	[]	[]				Alice Johnson	2025-01-09 10:09:01.761889	2025-01-09 15:36:00.499277	\N	\N	\N	\N	\N	\N	\N	\N	\N	\N	\N	\N	\N
54	66332210001-1	เด็กหญิง	เนโกะ	จัง	เด็กโต	ห้อง 1/1	["ผมยาว","ไม่สะอาด","มีเหา","เพิ่มเติม: ฟไกไฟกฟไก"]	["ตาแดง","เพิ่มเติม: ฟไกฟไกฟก"]	["มีกลิ่นปาก","มีแผลในปาก","มีตุ่มในปาก"]	["ไม่สะอาด"]	["ไม่สะอาด","มีขี้หู"]	["เพิ่มเติม: ฟไกฟไกฟไก"]	["ไม่สะอาด","เล็บยาว"]	["มีแผล","มีผื่น"]	["จุดหรือผื่น","ตุ่มใส","ตุ่มหนอง"]	["ตุ่มหนอง"]	["จุดหรือผื่น","ตุ่มใส"]	["เพิ่มเติม: กฟไกฟไก"]	["มียา","เพิ่มเติม: ฟไกฟไกฟไ"]	กฟไกฟกฟไ	ฟไกฟไกฟไก	ฟไกฟไก	Alice Johnson	2025-01-13 11:35:22.262301	\N	\N	\N	\N	\N	\N	\N	\N	\N	\N	\N	\N	\N	\N
100	68332210056-2	เด็กชาย	ทอม	วัทสัน	เด็กโต	ห้อง 1/1	\N	\N	\N	\N	\N	\N	\N	\N	\N	\N	\N	\N	\N	\N	\N	\N	Alice Johnson	2025-01-29 09:52:55	\N	\N	\N	\N	\N	\N	\N	\N	\N	\N	\N	\N	\N	\N
14	66332210001-1	เด็กหญิง	เนโกะ	จัง	เด็กโต	ห้อง 1/1	{"checked":["\\u0e2a\\u0e30\\u0e2d\\u0e32\\u0e14"],"unchecked":["\\u0e44\\u0e21\\u0e48\\u0e1c\\u0e21\\u0e22\\u0e32\\u0e27","\\u0e44\\u0e21\\u0e48\\u0e44\\u0e21\\u0e48\\u0e2a\\u0e30\\u0e2d\\u0e32\\u0e14","\\u0e44\\u0e21\\u0e48\\u0e21\\u0e35\\u0e40\\u0e2b\\u0e32"]}	{"checked":["\\u0e1b\\u0e01\\u0e15\\u0e34"],"unchecked":["\\u0e44\\u0e21\\u0e48\\u0e15\\u0e32\\u0e41\\u0e14\\u0e07"]}	{"checked":["\\u0e2a\\u0e30\\u0e2d\\u0e32\\u0e14"],"unchecked":["\\u0e44\\u0e21\\u0e48\\u0e21\\u0e35\\u0e01\\u0e25\\u0e34\\u0e48\\u0e19\\u0e1b\\u0e32\\u0e01","\\u0e44\\u0e21\\u0e48\\u0e21\\u0e35\\u0e41\\u0e1c\\u0e25\\u0e43\\u0e19\\u0e1b\\u0e32\\u0e01","\\u0e44\\u0e21\\u0e48\\u0e21\\u0e35\\u0e15\\u0e38\\u0e48\\u0e21\\u0e43\\u0e19\\u0e1b\\u0e32\\u0e01"]}	{"checked":["\\u0e2a\\u0e30\\u0e2d\\u0e32\\u0e14"],"unchecked":["\\u0e44\\u0e21\\u0e48\\u0e44\\u0e21\\u0e48\\u0e2a\\u0e30\\u0e2d\\u0e32\\u0e14"]}	{"checked":["\\u0e2a\\u0e30\\u0e2d\\u0e32\\u0e14"],"unchecked":["\\u0e44\\u0e21\\u0e48\\u0e44\\u0e21\\u0e48\\u0e2a\\u0e30\\u0e2d\\u0e32\\u0e14","\\u0e44\\u0e21\\u0e48\\u0e21\\u0e35\\u0e02\\u0e35\\u0e49\\u0e2b\\u0e39"]}	{"checked":["\\u0e2a\\u0e30\\u0e2d\\u0e32\\u0e14"],"unchecked":[]}	{"checked":["\\u0e2a\\u0e30\\u0e2d\\u0e32\\u0e14"],"unchecked":["\\u0e44\\u0e21\\u0e48\\u0e44\\u0e21\\u0e48\\u0e2a\\u0e30\\u0e2d\\u0e32\\u0e14","\\u0e44\\u0e21\\u0e48\\u0e40\\u0e25\\u0e47\\u0e1a\\u0e22\\u0e32\\u0e27"]}	{"checked":["\\u0e2a\\u0e30\\u0e2d\\u0e32\\u0e14"],"unchecked":["\\u0e44\\u0e21\\u0e48\\u0e21\\u0e35\\u0e41\\u0e1c\\u0e25","\\u0e44\\u0e21\\u0e48\\u0e21\\u0e35\\u0e1c\\u0e37\\u0e48\\u0e19","\\u0e44\\u0e21\\u0e48\\u0e21\\u0e35\\u0e02\\u0e35\\u0e49\\u0e44\\u0e04\\u0e25"]}	{"checked":["\\u0e1b\\u0e01\\u0e15\\u0e34"],"unchecked":["\\u0e44\\u0e21\\u0e48\\u0e08\\u0e38\\u0e14\\u0e2b\\u0e23\\u0e37\\u0e2d\\u0e1c\\u0e37\\u0e48\\u0e19","\\u0e44\\u0e21\\u0e48\\u0e15\\u0e38\\u0e48\\u0e21\\u0e43\\u0e2a","\\u0e44\\u0e21\\u0e48\\u0e15\\u0e38\\u0e48\\u0e21\\u0e2b\\u0e19\\u0e2d\\u0e07"]}	{"checked":["\\u0e1b\\u0e01\\u0e15\\u0e34"],"unchecked":["\\u0e44\\u0e21\\u0e48\\u0e08\\u0e38\\u0e14\\u0e2b\\u0e23\\u0e37\\u0e2d\\u0e1c\\u0e37\\u0e48\\u0e19","\\u0e44\\u0e21\\u0e48\\u0e15\\u0e38\\u0e48\\u0e21\\u0e43\\u0e2a","\\u0e44\\u0e21\\u0e48\\u0e15\\u0e38\\u0e48\\u0e21\\u0e2b\\u0e19\\u0e2d\\u0e07"]}	{"checked":["\\u0e1b\\u0e01\\u0e15\\u0e34"],"unchecked":["\\u0e44\\u0e21\\u0e48\\u0e08\\u0e38\\u0e14\\u0e2b\\u0e23\\u0e37\\u0e2d\\u0e1c\\u0e37\\u0e48\\u0e19","\\u0e44\\u0e21\\u0e48\\u0e15\\u0e38\\u0e48\\u0e21\\u0e43\\u0e2a","\\u0e44\\u0e21\\u0e48\\u0e15\\u0e38\\u0e48\\u0e21\\u0e2b\\u0e19\\u0e2d\\u0e07"]}	{"checked":["\\u0e44\\u0e21\\u0e48\\u0e21\\u0e35"],"unchecked":[]}	{"checked":["\\u0e44\\u0e21\\u0e48\\u0e21\\u0e35"],"unchecked":["\\u0e44\\u0e21\\u0e48\\u0e21\\u0e35\\u0e22\\u0e32"]}				Alice Johnson	2025-01-10 15:55:57.082868	\N	\N	\N	\N	\N	\N	\N	\N	\N	\N	\N	\N	\N	\N
15	66332210001-1	เด็กหญิง	เนโกะ	จัง	เด็กโต	ห้อง 1/1	{"checked":["\\u0e2a\\u0e30\\u0e2d\\u0e32\\u0e14"],"unchecked":["\\u0e44\\u0e21\\u0e48\\u0e1c\\u0e21\\u0e22\\u0e32\\u0e27","\\u0e44\\u0e21\\u0e48\\u0e44\\u0e21\\u0e48\\u0e2a\\u0e30\\u0e2d\\u0e32\\u0e14","\\u0e44\\u0e21\\u0e48\\u0e21\\u0e35\\u0e40\\u0e2b\\u0e32"]}	{"checked":[],"unchecked":["\\u0e44\\u0e21\\u0e48\\u0e1b\\u0e01\\u0e15\\u0e34","\\u0e44\\u0e21\\u0e48\\u0e15\\u0e32\\u0e41\\u0e14\\u0e07"]}	{"checked":["\\u0e2a\\u0e30\\u0e2d\\u0e32\\u0e14"],"unchecked":["\\u0e44\\u0e21\\u0e48\\u0e21\\u0e35\\u0e01\\u0e25\\u0e34\\u0e48\\u0e19\\u0e1b\\u0e32\\u0e01","\\u0e44\\u0e21\\u0e48\\u0e21\\u0e35\\u0e41\\u0e1c\\u0e25\\u0e43\\u0e19\\u0e1b\\u0e32\\u0e01","\\u0e44\\u0e21\\u0e48\\u0e21\\u0e35\\u0e15\\u0e38\\u0e48\\u0e21\\u0e43\\u0e19\\u0e1b\\u0e32\\u0e01"]}	{"checked":[],"unchecked":["\\u0e44\\u0e21\\u0e48\\u0e2a\\u0e30\\u0e2d\\u0e32\\u0e14","\\u0e44\\u0e21\\u0e48\\u0e44\\u0e21\\u0e48\\u0e2a\\u0e30\\u0e2d\\u0e32\\u0e14"]}	{"checked":["\\u0e2a\\u0e30\\u0e2d\\u0e32\\u0e14"],"unchecked":["\\u0e44\\u0e21\\u0e48\\u0e44\\u0e21\\u0e48\\u0e2a\\u0e30\\u0e2d\\u0e32\\u0e14","\\u0e44\\u0e21\\u0e48\\u0e21\\u0e35\\u0e02\\u0e35\\u0e49\\u0e2b\\u0e39"]}	{"checked":["\\u0e40\\u0e1e\\u0e34\\u0e48\\u0e21\\u0e40\\u0e15\\u0e34\\u0e21: awdawdad"],"unchecked":["\\u0e44\\u0e21\\u0e48\\u0e2a\\u0e30\\u0e2d\\u0e32\\u0e14"]}	{"checked":["\\u0e44\\u0e21\\u0e48\\u0e2a\\u0e30\\u0e2d\\u0e32\\u0e14","\\u0e40\\u0e25\\u0e47\\u0e1a\\u0e22\\u0e32\\u0e27"],"unchecked":["\\u0e44\\u0e21\\u0e48\\u0e2a\\u0e30\\u0e2d\\u0e32\\u0e14"]}	{"checked":["\\u0e21\\u0e35\\u0e41\\u0e1c\\u0e25","\\u0e21\\u0e35\\u0e1c\\u0e37\\u0e48\\u0e19"],"unchecked":["\\u0e44\\u0e21\\u0e48\\u0e2a\\u0e30\\u0e2d\\u0e32\\u0e14","\\u0e44\\u0e21\\u0e48\\u0e21\\u0e35\\u0e02\\u0e35\\u0e49\\u0e44\\u0e04\\u0e25"]}	{"checked":["\\u0e1b\\u0e01\\u0e15\\u0e34"],"unchecked":["\\u0e44\\u0e21\\u0e48\\u0e08\\u0e38\\u0e14\\u0e2b\\u0e23\\u0e37\\u0e2d\\u0e1c\\u0e37\\u0e48\\u0e19","\\u0e44\\u0e21\\u0e48\\u0e15\\u0e38\\u0e48\\u0e21\\u0e43\\u0e2a","\\u0e44\\u0e21\\u0e48\\u0e15\\u0e38\\u0e48\\u0e21\\u0e2b\\u0e19\\u0e2d\\u0e07"]}	{"checked":["\\u0e1b\\u0e01\\u0e15\\u0e34"],"unchecked":["\\u0e44\\u0e21\\u0e48\\u0e08\\u0e38\\u0e14\\u0e2b\\u0e23\\u0e37\\u0e2d\\u0e1c\\u0e37\\u0e48\\u0e19","\\u0e44\\u0e21\\u0e48\\u0e15\\u0e38\\u0e48\\u0e21\\u0e43\\u0e2a","\\u0e44\\u0e21\\u0e48\\u0e15\\u0e38\\u0e48\\u0e21\\u0e2b\\u0e19\\u0e2d\\u0e07"]}	{"checked":["\\u0e1b\\u0e01\\u0e15\\u0e34"],"unchecked":["\\u0e44\\u0e21\\u0e48\\u0e08\\u0e38\\u0e14\\u0e2b\\u0e23\\u0e37\\u0e2d\\u0e1c\\u0e37\\u0e48\\u0e19","\\u0e44\\u0e21\\u0e48\\u0e15\\u0e38\\u0e48\\u0e21\\u0e43\\u0e2a","\\u0e44\\u0e21\\u0e48\\u0e15\\u0e38\\u0e48\\u0e21\\u0e2b\\u0e19\\u0e2d\\u0e07"]}	{"checked":[],"unchecked":["\\u0e44\\u0e21\\u0e48\\u0e44\\u0e21\\u0e48\\u0e21\\u0e35"]}	{"checked":["\\u0e21\\u0e35\\u0e22\\u0e32","\\u0e40\\u0e1e\\u0e34\\u0e48\\u0e21\\u0e40\\u0e15\\u0e34\\u0e21: dawdawd"],"unchecked":["\\u0e44\\u0e21\\u0e48\\u0e44\\u0e21\\u0e48\\u0e21\\u0e35"]}	adwdaa	awda	wdawda	Alice Johnson	2025-01-10 16:33:04.164199	\N	\N	\N	\N	\N	\N	\N	\N	\N	\N	\N	\N	\N	\N
58	66332210001-1	เด็กหญิง	เนโกะ	จัง	เด็กโต	ห้อง 1/1	["ผมยาว","ไม่สะอาด","มีเหา","เพิ่มเติม: asdawdaw"]	[]	["มีกลิ่นปาก","มีแผลในปาก","มีตุ่มในปาก"]	["ไม่สะอาด"]	["ไม่สะอาด","มีขี้หู"]	["เพิ่มเติม: awdawdawd"]	["ไม่สะอาด","เล็บยาว"]	["มีแผล: wadawd","มีผื่น: awdawdaw"]	["จุดหรือผื่น","ตุ่มใส"]	["ตุ่มใส"]	["จุดหรือผื่น","ตุ่มหนอง"]	["เพิ่มเติม: awdawda"]	["มียา: awdawd","เพิ่มเติม: awdawd"]	awdawd	awdawd	awdawdaw	Alice Johnson	2025-01-13 12:58:19.732562	\N	\N	\N	\N	\N	\N	\N	\N	\N	\N	\N	\N	\N	\N
51	66332210001-1	เด็กหญิง	เนโกะ	จัง	เด็กโต	ห้อง 1/1	["ผมยาว","ไม่สะอาด","มีเหา","เพิ่มเติม: awdawdawdasd"]	["ตาแดง","เพิ่มเติม: awdawdawd"]	["มีกลิ่นปาก","มีแผลในปาก"]	["ไม่สะอาด"]	["ไม่สะอาด","มีขี้หู"]	["เพิ่มเติม: awdawdawd"]	["ไม่สะอาด","เล็บยาว"]	["มีแผล","มีผื่น","มีขี้ไคล"]	["จุดหรือผื่น"]	["ปกติ"]	["ปกติ"]	[]	["มียา","เพิ่มเติม: awdawdawd"]	awdawd	awdawd	awdawd	Alice Johnson	2025-01-13 11:24:29.710111	\N	\N	\N	\N	\N	\N	\N	\N	\N	\N	\N	\N	\N	\N
52	66332210001-1	เด็กหญิง	เนโกะ	จัง	เด็กโต	ห้อง 1/1	["ผมยาว","ไม่สะอาด","มีเหา","เพิ่มเติม: ฟไกฟไกฟไ"]	["ตาแดง","เพิ่มเติม: กฟไกฟไกฟไก"]	["มีกลิ่นปาก","มีแผลในปาก","มีตุ่มในปาก"]	["ไม่สะอาด"]	["ไม่สะอาด","มีขี้หู"]	["เพิ่มเติม: กฟไกฟไกฟไก"]	["ไม่สะอาด","เล็บยาว"]	["มีแผล","มีผื่น","มีขี้ไคล"]	["จุดหรือผื่น","ตุ่มใส","ตุ่มหนอง"]	["จุดหรือผื่น","ตุ่มใส"]	["จุดหรือผื่น","ตุ่มหนอง"]	[]	["มียา","เพิ่มเติม: กฟไกฟไกฟไก"]	ฟไกฟไกฟไก	ฟไกฟไกฟไก	ฟไกฟไกฟก	Alice Johnson	2025-01-13 11:30:07.357128	\N	\N	\N	\N	\N	\N	\N	\N	\N	\N	\N	\N	\N	\N
53	66332210001-1	เด็กหญิง	เนโกะ	จัง	เด็กโต	ห้อง 1/1	["ผมยาว","ไม่สะอาด","มีเหา","เพิ่มเติม: ๆกไฟไกไก"]	["ตาแดง","เพิ่มเติม: กฟไกฟไกฟไ"]	["มีกลิ่นปาก","มีแผลในปาก","มีตุ่มในปาก"]	["ไม่สะอาด"]	["ไม่สะอาด","มีขี้หู"]	["เพิ่มเติม: กฟไกฟไก"]	["ไม่สะอาด","เล็บยาว"]	["มีแผล","มีผื่น"]	["จุดหรือผื่น","ตุ่มใส","ตุ่มหนอง"]	["จุดหรือผื่น","ตุ่มหนอง"]	["ตุ่มใส"]	[]	["มียา","เพิ่มเติม: กฟไกฟไก"]	ฟไกฟไกฟไ	ฟไกฟไกฟไก	ฟไกฟไก	Alice Johnson	2025-01-13 11:31:52.332429	\N	\N	\N	\N	\N	\N	\N	\N	\N	\N	\N	\N	\N	\N
55	66332210001-1	เด็กหญิง	เนโกะ	จัง	เด็กโต	ห้อง 1/1	["ผมยาว","ไม่สะอาด","มีเหา","เพิ่มเติม: awdawdaw"]	[]	["มีกลิ่นปาก","มีแผลในปาก","มีตุ่มในปาก"]	["ไม่สะอาด"]	["ไม่สะอาด","มีขี้หู"]	["เพิ่มเติม: awdawdawawd"]	["ไม่สะอาด","เล็บยาว"]	["มีแผล","มีผื่น","มีขี้ไคล"]	["จุดหรือผื่น","ตุ่มใส"]	["จุดหรือผื่น","ตุ่มหนอง"]	["จุดหรือผื่น","ตุ่มใส"]	["เพิ่มเติม: dawdawdawd"]	["มียา","เพิ่มเติม: awdawdawd"]	awdawd	awdawdaw	dawdawdawd	Alice Johnson	2025-01-13 11:40:32.038642	\N	\N	\N	\N	\N	\N	\N	\N	\N	\N	\N	\N	\N	\N
56	66332210001-1	เด็กหญิง	เนโกะ	จัง	เด็กโต	ห้อง 1/1	["ผมยาว","ไม่สะอาด","มีเหา","เพิ่มเติม: dawdawd"]	[]	["มีกลิ่นปาก","มีแผลในปาก","มีตุ่มในปาก"]	["ไม่สะอาด"]	["ไม่สะอาด","มีขี้หู"]	["เพิ่มเติม: dawdawd"]	["ไม่สะอาด","เล็บยาว"]	["มีแผล: dawdawd","มีผื่น: awdawdaw","มีขี้ไคล"]	["จุดหรือผื่น","ตุ่มใส"]	["จุดหรือผื่น","ตุ่มหนอง"]	["ตุ่มใส"]	["เพิ่มเติม: awdawd"]	["มียา: dawdawdawd","เพิ่มเติม: dawdawdawd"]	awdawdaw	adwdawd	awdawdawd	Alice Johnson	2025-01-13 11:52:21.59139	\N	\N	\N	\N	\N	\N	\N	\N	\N	\N	\N	\N	\N	\N
57	66332210001-1	เด็กหญิง	เนโกะ	จัง	เด็กโต	ห้อง 1/1	["ผมยาว","ไม่สะอาด","มีเหา","เพิ่มเติม: awdawdawd"]	[]	["มีกลิ่นปาก","มีแผลในปาก","มีตุ่มในปาก"]	["ไม่สะอาด"]	["ไม่สะอาด","มีขี้หู"]	["เพิ่มเติม: dawdawd"]	["ไม่สะอาด","เล็บยาว"]	["มีแผล","รายละเอียด: dawdawd","มีผื่น","รายละเอียด: awdawda"]	["จุดหรือผื่น","ตุ่มใส"]	["ตุ่มใส","ตุ่มหนอง"]	["จุดหรือผื่น","ตุ่มใส"]	["เพิ่มเติม: awdawdawd"]	["มียา","รายละเอียด: awdawdawd","เพิ่มเติม: awdawdawd"]				Alice Johnson	2025-01-13 12:53:00.00026	\N	\N	\N	\N	\N	\N	\N	\N	\N	\N	\N	\N	\N	\N
59	66332210001-1	เด็กหญิง	เนโกะ	จัง	เด็กโต	ห้อง 1/1	["ผมยาว","ไม่สะอาด","มีเหา","เพิ่มเติม: ฟไกฟไก"]	["ตาแดง","มีขี้ตา เหลือง\\/เขียว","เพิ่มเติม: ฟไกฟไกฟ"]	["มีกลิ่นปาก","มีแผลในปาก","มีตุ่มในปาก"]	["ไม่สะอาด","ฟันผุ 5 ซี่"]	["ไม่สะอาด","มีขี้หู"]	["มีน้ำมูก เหลือง","เพิ่มเติม: ฟไกฟไกฟไ"]	["ไม่สะอาด","เล็บยาว"]	["มีแผล: ฟไกฟไก","มีผื่น: ฟไกฟไก"]	["จุดหรือผื่น","ตุ่มใส","ตุ่มหนอง"]	["จุดหรือผื่น","ตุ่มใส","ตุ่มหนอง"]	["จุดหรือผื่น","ตุ่มใส","ตุ่มหนอง"]	["ไอ มีเสมหะ","เพิ่มเติม: ฟไกฟไก"]	["มียา: ฟไกฟไกฟ","เพิ่มเติม: ฟไกฟไกฟ"]	ไฟกฟไกฟ	ฟไกฟไกฟก	ฟไกฟกไ	Alice Johnson	2025-01-13 13:05:33.716431	\N	\N	\N	\N	\N	\N	\N	\N	\N	\N	\N	\N	\N	\N
60	66332210001-1	เด็กหญิง	เนโกะ	จัง	เด็กโต	ห้อง 1/1	["ผมยาว","ไม่สะอาด","มีเหา","เพิ่มเติม: ฟไกฟไกฟไ"]	["ตาแดง","มีขี้ตา ขวาปกติ","เพิ่มเติม: ฟไกฟไก"]	["มีกลิ่นปาก","มีแผลในปาก","มีตุ่มในปาก"]	["มีคราบนม\\/ไม่สะอาด","ฟันผุ 7 ซี่"]	["ไม่สะอาด","มีขี้หู"]	["มีน้ำมูก เขียว","เพิ่มเติม: ฟไกฟไกฟไก"]	["ไม่สะอาด","เล็บยาว"]	["มีแผล: ฟไกฟไกฟไ","มีผื่น: กฟไกฟไกฟ"]	["ตุ่มหนอง"]	["ตุ่มใส"]	["ปกติ"]	["ไอ ไอแห้ง","เพิ่มเติม: ฟไกฟไกฟไ"]	["มียา: ฟไกฟไก","เพิ่มเติม: ฟไกฟไก"]	ฟไกฟไกฟ	กไฟไกฟไก	ฟไกฟไกฟไ	Alice Johnson	2025-01-13 13:07:56.886118	\N	\N	\N	\N	\N	\N	\N	\N	\N	\N	\N	\N	\N	\N
61	66332210002-0	เด็กชาย	ด็อกเตอร์	ด็อกแด๊ก	เด็กโต	ห้อง 1/2	["ผมยาว","ไม่สะอาด","มีเหา","เพิ่มเติม: กฟไกฟไก"]	["ตาแดง","มีขี้ตา เหลือง\\/เขียว","เพิ่มเติม: กฟไกฟไก"]	["มีกลิ่นปาก","มีแผลในปาก"]	["ไม่สะอาด","ฟันผุ 5 ซี่"]	["ไม่สะอาด","มีขี้หู"]	["มีน้ำมูก เขียว","เพิ่มเติม: กฟไกฟไก"]	["ไม่สะอาด","เล็บยาว"]	["มีแผล: กฟไกฟไก","มีผื่น: กฟไกฟไก"]	["จุดหรือผื่น","ตุ่มใส"]	["ตุ่มใส"]	["ปกติ"]	["ไอ มีเสมหะ","เพิ่มเติม: กฟไกฟไก"]	["มียา: ฟไกฟไกฟไก","เพิ่มเติม: ฟไกฟไกฟไก"]	ฟไกฟไกฟไ	กฟไกฟไกฟก	ฟไกฟไก	Alice Johnson	2025-01-13 13:24:45.476855	\N	\N	\N	\N	\N	\N	\N	\N	\N	\N	\N	\N	\N	\N
62	66332210001-1	เด็กหญิง	เนโกะ	จัง	เด็กโต	ห้อง 1/1	["ผมยาว","ไม่สะอาด","มีเหา","เพิ่มเติม: awdadad"]	["ตาแดง","มีขี้ตา เหลือง\\/เขียว","เพิ่มเติม: dawdawd"]	["มีกลิ่นปาก","มีแผลในปาก","มีตุ่มในปาก"]	["ไม่สะอาด","ฟันผุ 7 ซี่"]	["ไม่สะอาด","มีขี้หู"]	["มีน้ำมูก เขียว","เพิ่มเติม: dawdawdawd"]	["ไม่สะอาด","เล็บยาว"]	["มีแผล: wdawdawd","มีผื่น: awdawda","มีขี้ไคล"]	["จุดหรือผื่น","ตุ่มใส"]	["ตุ่มหนอง"]	["จุดหรือผื่น"]	["มีไข้ 36.8 องศา","ไอ มีเสมหะ","เพิ่มเติม: dawdawdawd"]	["มียา: awdawdawd","เพิ่มเติม: awdawdawd"]	awdawdaw	dawdawda	awdawdawd	Alice Johnson	2025-01-13 13:34:25.024963	\N	\N	\N	\N	\N	\N	\N	\N	\N	\N	\N	\N	\N	\N
63	66332210001-1	เด็กหญิง	เนโกะ	จัง	เด็กโต	ห้อง 1/1	["สะอาด"]	["ปกติ"]	["สะอาด"]	["ฟันผุ 8 ซี่"]	["ไม่สะอาด","มีขี้หู"]	["สะอาด"]	["สะอาด"]	["มีแผล: adwad","มีผื่น: awdawd"]	["ปกติ"]	["ปกติ"]	["จุดหรือผื่น"]	["มีไข้ 36.6 องศา","ไอ มีเสมหะ","เพิ่มเติม: awdawda"]	["มียา: awdawda","เพิ่มเติม: awdawda"]	awdawd	awdawd	awdawd	Alice Johnson	2025-01-13 14:48:14.059089	\N	\N	\N	\N	\N	\N	\N	\N	\N	\N	\N	\N	\N	\N
67	66332210001-1	เด็กหญิง	\N	\N	เด็กโต	ห้อง 1/1	{"checked":["ผมยาว","ไม่สะอาด","มีเหา","เพิ่มเติม: dasdasd"],"unchecked":["ไม่สะอาด"]}	{"checked":["ตาแดง","มีขี้ตา ขวาปกติ","เพิ่มเติม: asdasd"],"unchecked":["ไม่ปกติ"]}	{"checked":["มีกลิ่นปาก","มีแผลในปาก","มีตุ่มในปาก"],"unchecked":["ไม่สะอาด"]}	{"checked":["ไม่สะอาด","ฟันผุ 7 ซี่"],"unchecked":["ไม่สะอาด"]}	{"checked":["ไม่สะอาด","มีขี้หู"],"unchecked":["ไม่สะอาด"]}	{"checked":["มีน้ำมูก เหลือง","เพิ่มเติม: asdasda"],"unchecked":["ไม่สะอาด"]}	{"checked":["ไม่สะอาด","เล็บยาว"],"unchecked":["ไม่สะอาด"]}	{"checked":["มีแผล: asdasda","มีผื่น: asdasda","มีขี้ไคล"],"unchecked":["ไม่สะอาด"]}	{"checked":["จุดหรือผื่น","ตุ่มใส"],"unchecked":["ไม่ปกติ","ไม่ตุ่มหนอง"]}	{"checked":["ตุ่มใส","ตุ่มหนอง"],"unchecked":["ไม่ปกติ","ไม่จุดหรือผื่น"]}	{"checked":["จุดหรือผื่น"],"unchecked":["ไม่ปกติ","ไม่ตุ่มใส","ไม่ตุ่มหนอง"]}	{"checked":["มีไข้ 36.8 องศา","ไอ มีเสมหะ","เพิ่มเติม: asdasdasd"],"unchecked":["ไม่ไม่มี"]}	{"checked":["มียา: asdasda","เพิ่มเติม: asdasda"],"unchecked":["ไม่ไม่มี"]}	asdasd	asdasd	asdasd	Alice Johnson	2025-01-13 15:29:07.381773	\N	\N	\N	\N	\N	\N	\N	\N	\N	\N	\N	\N	\N	\N
68	66332210001-1	เด็กหญิง	\N	\N	เด็กโต	ห้อง 1/1	{"checked":["ผมยาว","ไม่สะอาด","มีเหา","เพิ่มเติม: ฟหกฟหก"],"unchecked":["ไม่สะอาด"]}	{"checked":["ตาแดง","มีขี้ตา เหลือง\\/เขียว","เพิ่มเติม: ฟหกฟหก"],"unchecked":["ไม่ปกติ"]}	{"checked":["มีกลิ่นปาก","มีแผลในปาก"],"unchecked":["ไม่สะอาด","ไม่มีตุ่มในปาก"]}	{"checked":["ไม่สะอาด","ฟันผุ 10 ซี่"],"unchecked":["ไม่สะอาด"]}	{"checked":["ไม่สะอาด","มีขี้หู"],"unchecked":["ไม่สะอาด"]}	{"checked":["มีน้ำมูก เหลือง","เพิ่มเติม: ฟหกฟหกฟหก"],"unchecked":["ไม่สะอาด"]}	{"checked":["ไม่สะอาด","เล็บยาว"],"unchecked":["ไม่สะอาด"]}	{"checked":["มีแผล: ฟหกฟหก","มีผื่น: ฟหกฟหก","มีขี้ไคล"],"unchecked":["ไม่สะอาด"]}	{"checked":["จุดหรือผื่น","ตุ่มใส","ตุ่มหนอง"],"unchecked":["ไม่ปกติ"]}	{"checked":["จุดหรือผื่น","ตุ่มใส","ตุ่มหนอง"],"unchecked":["ไม่ปกติ"]}	{"checked":["จุดหรือผื่น","ตุ่มใส"],"unchecked":["ไม่ปกติ","ไม่ตุ่มหนอง"]}	{"checked":["มีไข้ 36.5 องศา","ไอ มีเสมหะ","เพิ่มเติม: ฟหกฟหกฟหก"],"unchecked":["ไม่ไม่มี"]}	{"checked":["มียา: ฟหกฟหกฟหก","เพิ่มเติม: ฟหกฟหกฟหก"],"unchecked":["ไม่ไม่มี"]}	ฟหกฟหก	ฟหกฟหก	ฟฟหกฟหก	Alice Johnson	2025-01-13 15:36:15.280141	\N	\N	\N	\N	\N	\N	\N	\N	\N	\N	\N	\N	\N	\N
71	undefined	เด็กหญิง	undefined	undefined	เด็กโต	ห้อง 1/1	{"checked":["สะอาด","เพิ่มเติม: czczx"],"unchecked":["ไม่ผมยาว","ไม่ไม่สะอาด","ไม่มีเหา"]}	{"checked":["ปกติ","มีขี้ตา เหลือง\\/เขียว","เพิ่มเติม: czxcxzczxc"],"unchecked":["ไม่ตาแดง"]}	{"checked":["สะอาด"],"unchecked":["ไม่มีกลิ่นปาก","ไม่มีแผลในปาก","ไม่มีตุ่มในปาก"]}	{"checked":["ไม่สะอาด","ฟันผุ 7 ซี่"],"unchecked":["ไม่สะอาด"]}	{"checked":["ไม่สะอาด","มีขี้หู"],"unchecked":["ไม่สะอาด"]}	{"checked":["มีน้ำมูก เหลือง","เพิ่มเติม: zxczxc"],"unchecked":["ไม่สะอาด"]}	{"checked":["ไม่สะอาด","เล็บยาว"],"unchecked":["ไม่สะอาด"]}	{"checked":["มีแผล: zxczxczc","มีผื่น: zxczxc","มีขี้ไคล"],"unchecked":["ไม่สะอาด"]}	{"checked":["จุดหรือผื่น","ตุ่มใส","ตุ่มหนอง"],"unchecked":["ไม่ปกติ"]}	{"checked":["จุดหรือผื่น","ตุ่มใส"],"unchecked":["ไม่ปกติ","ไม่ตุ่มหนอง"]}	{"checked":["ตุ่มใส","ตุ่มหนอง"],"unchecked":["ไม่ปกติ","ไม่จุดหรือผื่น"]}	{"checked":["มีไข้ 36.5 องศา","ไอ มีเสมหะ","เพิ่มเติม: zxczxczxc"],"unchecked":["ไม่ไม่มี"]}	{"checked":["มียา: xczxczxc","เพิ่มเติม: xczxczxc"],"unchecked":["ไม่ไม่มี"]}	asdasd	asdasdas	dasdasd	Alice Johnson	2025-01-13 15:58:38.999944	\N	เหลือง/เขียว	เหลือง	7	36.5	มีเสมหะ	\N	\N	\N	czczx	czxcxzczxc	zxczxc	zxczxczxc	xczxczxc
76	66332210001-1	เด็กหญิง	เนโกะ	จัง	เด็กโต	ห้อง 1/1	{"checked":["ผมยาว","ไม่สะอาด","เพิ่มเติม: asdasd"],"unchecked":["ไม่สะอาด","ไม่มีเหา"]}	{"checked":["มีขี้ตา ขวาปกติ","เพิ่มเติม: asdasd"],"unchecked":["ไม่ปกติ","ไม่ตาแดง"]}	{"checked":["มีแผลในปาก"],"unchecked":["ไม่สะอาด","ไม่มีกลิ่นปาก","ไม่มีตุ่มในปาก"]}	{"checked":["ไม่สะอาด","ฟันผุ 9 ซี่"],"unchecked":["ไม่สะอาด"]}	{"checked":["ไม่สะอาด"],"unchecked":["ไม่สะอาด","ไม่มีขี้หู"]}	{"checked":["มีน้ำมูก เหลือง","เพิ่มเติม: asdasd"],"unchecked":["ไม่สะอาด"]}	{"checked":["ไม่สะอาด"],"unchecked":["ไม่สะอาด","ไม่เล็บยาว"]}	{"unchecked":["ไม่สะอาด","ไม่มีแผล","ไม่มีผื่น","ไม่มีขี้ไคล"]}	{"unchecked":["ไม่ปกติ","ไม่จุดหรือผื่น","ไม่ตุ่มใส","ไม่ตุ่มหนอง"]}	{"unchecked":["ไม่ปกติ","ไม่จุดหรือผื่น","ไม่ตุ่มใส","ไม่ตุ่มหนอง"]}	{"unchecked":["ไม่ปกติ","ไม่จุดหรือผื่น","ไม่ตุ่มใส","ไม่ตุ่มหนอง"]}	{"unchecked":["ไม่ไม่มี","ไม่มีไข้","ไม่ไอ"]}	{"unchecked":["ไม่ไม่มี","ไม่มียา"]}				Alice Johnson	2025-01-13 16:11:32.23465	\N	\N	\N	\N	\N	\N	\N	\N	\N	\N	\N	\N	\N	\N
77	66332210001-1	เด็กหญิง	เนโกะ	จัง	เด็กโต	ห้อง 1/1	{"checked":["สะอาด","เพิ่มเติม: ฟกหกฟหก"],"unchecked":["ไม่ผมยาว","ไม่ไม่สะอาด","ไม่มีเหา"]}	{"checked":["มีขี้ตา เหลือง\\/เขียว","เพิ่มเติม: กฟหกฟหก"],"unchecked":["ไม่ปกติ","ไม่ตาแดง"]}	{"checked":["มีกลิ่นปาก","มีแผลในปาก"],"unchecked":["ไม่สะอาด","ไม่มีตุ่มในปาก"]}	{"checked":["ไม่สะอาด","ฟันผุ 9 ซี่"],"unchecked":["ไม่สะอาด"]}	{"checked":["ไม่สะอาด","มีขี้หู"],"unchecked":["ไม่สะอาด"]}	{"checked":["มีน้ำมูก เหลือง","เพิ่มเติม: ฟหกฟหกฟหก"],"unchecked":["ไม่สะอาด"]}	{"checked":["ไม่สะอาด","เล็บยาว"],"unchecked":["ไม่สะอาด"]}	{"checked":["มีแผล: ฟหกฟหก","มีผื่น: ฟหกฟหกฟหก","มีขี้ไคล"],"unchecked":["ไม่สะอาด"]}	{"checked":["ตุ่มใส","ตุ่มหนอง"],"unchecked":["ไม่ปกติ","ไม่จุดหรือผื่น"]}	{"checked":["ปกติ"],"unchecked":["ไม่จุดหรือผื่น","ไม่ตุ่มใส","ไม่ตุ่มหนอง"]}	{"checked":["ปกติ"],"unchecked":["ไม่จุดหรือผื่น","ไม่ตุ่มใส","ไม่ตุ่มหนอง"]}	{"checked":["มีไข้ 36.4 องศา","ไอ มีเสมหะ","เพิ่มเติม: ฟหกฟหกฟหก"],"unchecked":["ไม่ไม่มี"]}	{"checked":["มียา: ฟหกฟหกฟหก","เพิ่มเติม: ฟหกฟหกฟหก"],"unchecked":["ไม่ไม่มี"]}	ฟหกฟหกฟหก	ฟหกฟหก	ฟหกฟหกฟหก	Alice Johnson	2025-01-13 16:17:08.344063	\N	เหลือง/เขียว	เหลือง	9	36.4	มีเสมหะ	\N	\N	\N	ฟกหกฟหก	กฟหกฟหก	ฟหกฟหกฟหก	ฟหกฟหกฟหก	ฟหกฟหกฟหก
78	66332210001-1	เด็กหญิง	เนโกะ	จัง	เด็กโต	ห้อง 1/1	{"checked":["สะอาด"],"unchecked":["ไม่ผมยาว","ไม่ไม่สะอาด","ไม่มีเหา"]}	{"checked":["ตาแดง","มีขี้ตา เหลือง\\/เขียว"],"unchecked":["ไม่ปกติ"]}	{"checked":["สะอาด"],"unchecked":["ไม่มีกลิ่นปาก","ไม่มีแผลในปาก","ไม่มีตุ่มในปาก"]}	{"checked":["ไม่สะอาด","ฟันผุ 9 ซี่"],"unchecked":["ไม่สะอาด"]}	{"checked":["ไม่สะอาด","มีขี้หู"],"unchecked":["ไม่สะอาด"]}	{"checked":["มีน้ำมูก เหลือง"],"unchecked":["ไม่สะอาด"]}	{"checked":["ไม่สะอาด","เล็บยาว"],"unchecked":["ไม่สะอาด"]}	{"checked":["มีแผล","มีผื่น","มีขี้ไคล"],"unchecked":["ไม่สะอาด"]}	{"checked":["จุดหรือผื่น","ตุ่มใส","ตุ่มหนอง"],"unchecked":["ไม่ปกติ"]}	{"checked":["จุดหรือผื่น","ตุ่มใส"],"unchecked":["ไม่ปกติ","ไม่ตุ่มหนอง"]}	{"checked":["จุดหรือผื่น","ตุ่มใส"],"unchecked":["ไม่ปกติ","ไม่ตุ่มหนอง"]}	{"checked":["มีไข้ 36.4 องศา","ไอ มีเสมหะ"],"unchecked":["ไม่ไม่มี"]}	{"checked":["มียา"],"unchecked":["ไม่ไม่มี"]}	asdasdasd	asdasdasd	asdasdas	Alice Johnson	2025-01-13 16:21:05.992958	\N	เหลือง/เขียว	เหลือง	9	36.4	มีเสมหะ	\N	\N	\N	asdasda	asdasd	asdasdasd	asdasdasd	asdasdasd
79	66332210001-1	เด็กหญิง	เนโกะ	จัง	เด็กโต	ห้อง 1/1	{"checked":["สะอาด"],"unchecked":["ไม่ผมยาว","ไม่ไม่สะอาด","ไม่มีเหา"]}	{"checked":["มีขี้ตา เหลือง\\/เขียว"],"unchecked":["ไม่ปกติ","ไม่ตาแดง"]}	{"checked":["มีกลิ่นปาก","มีแผลในปาก","มีตุ่มในปาก"],"unchecked":["ไม่สะอาด"]}	{"checked":["ไม่สะอาด","ฟันผุ 12 ซี่"],"unchecked":["ไม่สะอาด"]}	{"checked":["ไม่สะอาด","มีขี้หู"],"unchecked":["ไม่สะอาด"]}	{"checked":["มีน้ำมูก เหลือง"],"unchecked":["ไม่สะอาด"]}	{"checked":["ไม่สะอาด","เล็บยาว"],"unchecked":["ไม่สะอาด"]}	{"checked":["มีแผล","มีผื่น","มีขี้ไคล"],"unchecked":["ไม่สะอาด"]}	{"checked":["จุดหรือผื่น","ตุ่มใส","ตุ่มหนอง"],"unchecked":["ไม่ปกติ"]}	{"checked":["จุดหรือผื่น","ตุ่มใส","ตุ่มหนอง"],"unchecked":["ไม่ปกติ"]}	{"checked":["ปกติ"],"unchecked":["ไม่จุดหรือผื่น","ไม่ตุ่มใส","ไม่ตุ่มหนอง"]}	{"checked":["มีไข้ 36.4 องศา","ไอ มีเสมหะ"],"unchecked":["ไม่ไม่มี"]}	{"checked":["มียา"],"unchecked":["ไม่ไม่มี"]}	asdasdasdas	dasdasdasda	sdasdasd	Alice Johnson	2025-01-13 16:28:37.833482	\N	เหลือง/เขียว	เหลือง	12	36.4	มีเสมหะ	asdasd	asdasdasd	asdasdasd	asdasd	asdasd	asdasdasd	asdasdasd	asdasdasd
7	66332210001-1	เด็กหญิง	เนโกะ	จัง	เด็กโต	ห้อง 1/1	{"checked":["ไม่สะอาด","มีเหา"],"unchecked":["ไม่สะอาด","ไม่ผมยาว"]}	{"checked":["ปกติ"],"unchecked":["ไม่ตาแดง","ไม่มีขี้ตา"]}	{"checked":["สะอาด"],"unchecked":["ไม่มีกลิ่นปาก","ไม่มีแผลในปาก","ไม่มีตุ่มในปาก"]}	{"checked":["สะอาด"],"unchecked":["ไม่ไม่สะอาด","ไม่ฟันผุ"]}	{"checked":["สะอาด"],"unchecked":["ไม่ไม่สะอาด","ไม่มีขี้หู"]}	{"checked":["สะอาด"],"unchecked":["ไม่มีน้ำมูก"]}	{"checked":["สะอาด"],"unchecked":["ไม่ไม่สะอาด","ไม่เล็บยาว"]}	{"checked":["สะอาด"],"unchecked":["ไม่มีแผล","ไม่มีผื่น","ไม่มีขี้ไคล"]}	{"checked":["ปกติ"],"unchecked":["ไม่จุดหรือผื่น","ไม่ตุ่มใส","ไม่ตุ่มหนอง"]}	{"checked":["ปกติ"],"unchecked":["ไม่จุดหรือผื่น","ไม่ตุ่มใส","ไม่ตุ่มหนอง"]}	{"checked":["ปกติ"],"unchecked":["ไม่จุดหรือผื่น","ไม่ตุ่มใส","ไม่ตุ่มหนอง"]}	{"checked":["ไม่มี"],"unchecked":["ไม่มีไข้","ไม่ไอ"]}	{"checked":["ไม่มี"],"unchecked":["ไม่มียา"]}	ปวดหัว	\N	\N	Alice Johnson	2025-01-05 16:14:31.782192	2025-01-16 14:31:42.282132	\N	\N	\N	\N	\N	\N	\N	\N	\N	\N	\N	\N	\N
86	66332210001-1	เด็กหญิง	เนโกะ	จัง	เด็กโต	ห้อง 1/1	{"checked":["ไม่สะอาด","มีเหา"],"unchecked":["ไม่สะอาด","ไม่ผมยาว"]}	{"checked":["ตาแดง","มีขี้ตา"],"unchecked":["ไม่ปกติ"]}	{"checked":["มีแผลในปาก","มีตุ่มในปาก"],"unchecked":["ไม่สะอาด","ไม่มีกลิ่นปาก"]}	{"checked":["ไม่สะอาด","ฟันผุ"],"unchecked":["ไม่สะอาด"]}	{"checked":["ไม่สะอาด","มีขี้หู"],"unchecked":["ไม่สะอาด"]}	{"checked":["มีน้ำมูก"],"unchecked":["ไม่สะอาด"]}	{"checked":["ไม่สะอาด","เล็บยาว"],"unchecked":["ไม่สะอาด"]}	{"checked":["มีแผล","มีผื่น","มีขี้ไคล"],"unchecked":["ไม่สะอาด"]}	{"checked":["จุดหรือผื่น","ตุ่มใส","ตุ่มหนอง"],"unchecked":["ไม่ปกติ"]}	{"checked":["จุดหรือผื่น","ตุ่มใส","ตุ่มหนอง"],"unchecked":["ไม่ปกติ"]}	{"checked":["จุดหรือผื่น","ตุ่มใส","ตุ่มหนอง"],"unchecked":["ไม่ปกติ"]}	{"checked":["มีไข้","ไอ"],"unchecked":["ไม่ไม่มี"]}	{"checked":["มียา"],"unchecked":["ไม่ไม่มี"]}	asdasdฟหกฟหก	asdasdฟหกฟหก	asdasdฟหกฟหก	Alice Johnson	2025-01-14 14:18:25.34696	2025-01-17 09:33:49.28987	เหลือง/เขียว	เขียว	11	38.7	ไอแห้ง	asdasdกฟหกฟหก	asdasdฟหกฟห	asdasdฟหกฟหก	asdasd	asdasdฟหกหกฟ	asdasd	asdasdฟหกฟหก	asdasdฟหกฟหก
114	6633221001-1	เด็กหญิง	โลตัด	เฟรช	เด็กโต	ห้อง 1/1	{"checked":["สะอาด","ผมยาว"],"unchecked":["ไม่สะอาด","มีเหา"]}	{"checked":["ปกติ","ตาแดง"],"unchecked":["มีขี้ตา"]}	{"checked":["สะอาด","มีกลิ่นปาก"],"unchecked":["มีแผลในปาก","มีตุ่มในปาก"]}	{"checked":["มีคราบนม\\/ไม่สะอาด"],"unchecked":["สะอาด","ฟันผุ",""]}	{"checked":["สะอาด","ไม่สะอาด"],"unchecked":["มีขี้หู"]}	{"checked":["มีน้ำมูก"],"unchecked":["สะอาด"]}	{"checked":["ไม่สะอาด","เล็บยาว"],"unchecked":["สะอาด"]}	{"checked":["สะอาด"],"unchecked":["มีแผล","มีผื่น","มีขี้ไคล"]}	{"checked":["ปกติ"],"unchecked":["จุดหรือผื่น","ตุ่มใส","ตุ่มหนอง"]}	{"checked":["ปกติ"],"unchecked":["จุดหรือผื่น","ตุ่มใส","ตุ่มหนอง"]}	{"checked":["ปกติ"],"unchecked":["จุดหรือผื่น","ตุ่มใส","ตุ่มหนอง"]}	{"checked":["ไม่มี"],"unchecked":["มีไข้","ไอ"]}	{"checked":["ไม่มี"],"unchecked":["มียา"]}	\N	\N	\N	Alice Johnson	2025-02-02 17:03:28.244504	\N	ขวาปกติ	ใส	\N	\N	ไอแห้ง	\N	\N	\N					
115	68332210056-2	เด็กชาย	ทอม	วัทสัน	เด็กโต	ห้อง 1/1	{"checked":["สะอาด","ผมยาว"],"unchecked":["ไม่สะอาด","มีเหา"]}	{"checked":["ปกติ","ตาแดง"],"unchecked":["มีขี้ตา"]}	{"checked":["สะอาด","มีกลิ่นปาก"],"unchecked":["มีแผลในปาก","มีตุ่มในปาก"]}	{"checked":["สะอาด","มีคราบนม\\/ไม่สะอาด"],"unchecked":["ฟันผุ",""]}	{"unchecked":["สะอาด","ไม่สะอาด","มีขี้หู"]}	{"unchecked":["สะอาด","มีน้ำมูก"]}	{"unchecked":["สะอาด","ไม่สะอาด","เล็บยาว"]}	{"unchecked":["สะอาด","มีแผล","มีผื่น","มีขี้ไคล"]}	{"unchecked":["ปกติ","จุดหรือผื่น","ตุ่มใส","ตุ่มหนอง"]}	{"unchecked":["ปกติ","จุดหรือผื่น","ตุ่มใส","ตุ่มหนอง"]}	{"unchecked":["ปกติ","จุดหรือผื่น","ตุ่มใส","ตุ่มหนอง"]}	{"unchecked":["ไม่มี","มีไข้","ไอ"]}	{"unchecked":["ไม่มี","มียา"]}	\N	\N	\N	Alice Johnson	2025-02-02 17:04:24.894871	\N	ขวาปกติ	ใส	\N	\N	ไอแห้ง	\N	\N	\N					
91	66332210001-1	เด็กหญิง	เนโกะ	จัง	เด็กโต	ห้อง 1/1	{"checked":["ผมยาว","ไม่สะอาด"],"unchecked":["สะอาด","มีเหา"]}	{"checked":["ตาแดง","มีขี้ตา"],"unchecked":["ปกติ"]}	{"checked":["มีกลิ่นปาก","มีแผลในปาก"],"unchecked":["สะอาด","มีตุ่มในปาก"]}	{"checked":["มีคราบนม\\/ไม่สะอาด","ฟันผุ"],"unchecked":["สะอาด","7"]}	{"checked":["ไม่สะอาด","มีขี้หู"],"unchecked":["สะอาด"]}	{"checked":["มีน้ำมูก"],"unchecked":["สะอาด"]}	{"checked":["ไม่สะอาด","เล็บยาว"],"unchecked":["สะอาด"]}	{"checked":["มีแผล","มีผื่น","มีขี้ไคล"],"unchecked":["สะอาด"]}	{"checked":["ปกติ"],"unchecked":["จุดหรือผื่น","ตุ่มใส","ตุ่มหนอง"]}	{"checked":["ปกติ","จุดหรือผื่น"],"unchecked":["ตุ่มใส","ตุ่มหนอง"]}	{"checked":["ปกติ","จุดหรือผื่น"],"unchecked":["ตุ่มใส","ตุ่มหนอง"]}	{"checked":["มีไข้","ไอ"],"unchecked":["ไม่มี"]}	{"checked":["มียา"],"unchecked":["ไม่มี"]}	ฟหกฟหก	ฟหกฟหก	ฟหกฟหก	Alice Johnson	2025-01-28 12:58:13.014076	\N	เหลือง/เขียว	เหลือง	7	37.0	ไอแห้ง	ฟหกฟหก	ฟหกฟหกฟหก	ฟหกฟหกฟหก	ฟหกฟไกฟไก	ฟหกฟหกฟหก	กฟหกฟกไไ	ฟหกฟหกฟหกฟหก	ฟหกฟหกฟหก
92	6633221001-1	เด็กหญิง	โลตัด	เฟรช	เด็กโต	ห้อง 1/1	{"checked":["สะอาด"],"unchecked":["ผมยาว","ไม่สะอาด","มีเหา"]}	{"checked":["ปกติ"],"unchecked":["ตาแดง","มีขี้ตา"]}	{"unchecked":["สะอาด","มีกลิ่นปาก","มีแผลในปาก","มีตุ่มในปาก"]}	{"unchecked":["สะอาด","มีคราบนม\\/ไม่สะอาด","ฟันผุ",""]}	{"unchecked":["สะอาด","ไม่สะอาด","มีขี้หู"]}	{"unchecked":["สะอาด","มีน้ำมูก"]}	{"unchecked":["สะอาด","ไม่สะอาด","เล็บยาว"]}	{"unchecked":["สะอาด","มีแผล","มีผื่น","มีขี้ไคล"]}	{"unchecked":["ปกติ","จุดหรือผื่น","ตุ่มใส","ตุ่มหนอง"]}	{"unchecked":["ปกติ","จุดหรือผื่น","ตุ่มใส","ตุ่มหนอง"]}	{"unchecked":["ปกติ","จุดหรือผื่น","ตุ่มใส","ตุ่มหนอง"]}	{"unchecked":["ไม่มี","มีไข้","ไอ"]}	{"unchecked":["ไม่มี","มียา"]}	\N	\N	\N	Alice Johnson	2025-01-28 12:58:13.014076	\N	ขวาปกติ	ใส	\N	\N	ไอแห้ง	\N	\N	\N					
93	68332210056-2	เด็กชาย	ทอม	วัทสัน	เด็กโต	ห้อง 1/1	{"checked":["ผมยาว","ไม่สะอาด"],"unchecked":["สะอาด","มีเหา"]}	{"checked":["ตาแดง"],"unchecked":["ปกติ","มีขี้ตา"]}	{"checked":["มีกลิ่นปาก","มีแผลในปาก"],"unchecked":["สะอาด","มีตุ่มในปาก"]}	{"unchecked":["สะอาด","มีคราบนม\\/ไม่สะอาด","ฟันผุ",""]}	{"checked":["ไม่สะอาด","มีขี้หู"],"unchecked":["สะอาด"]}	{"unchecked":["สะอาด","มีน้ำมูก"]}	{"unchecked":["สะอาด","ไม่สะอาด","เล็บยาว"]}	{"checked":["มีแผล","มีผื่น"],"unchecked":["สะอาด","มีขี้ไคล"]}	{"unchecked":["ปกติ","จุดหรือผื่น","ตุ่มใส","ตุ่มหนอง"]}	{"unchecked":["ปกติ","จุดหรือผื่น","ตุ่มใส","ตุ่มหนอง"]}	{"unchecked":["ปกติ","จุดหรือผื่น","ตุ่มใส","ตุ่มหนอง"]}	{"unchecked":["ไม่มี","มีไข้","ไอ"]}	{"unchecked":["ไม่มี","มียา"]}	\N	\N	\N	Alice Johnson	2025-01-28 12:58:13.014076	\N	ขวาปกติ	ใส	\N	\N	ไอแห้ง	กฟหกฟห	กฟหกฟหก	\N					
96	66332210001-1	เด็กหญิง	เนโกะ	จัง	เด็กโต	ห้อง 1/1	{"checked":["ผมยาว","ไม่สะอาด","มีเหา"],"unchecked":["สะอาด"]}	{"checked":["ตาแดง","มีขี้ตา"],"unchecked":["ปกติ"]}	{"checked":["มีแผลในปาก","มีตุ่มในปาก"],"unchecked":["สะอาด","มีกลิ่นปาก"]}	{"checked":["มีคราบนม\\/ไม่สะอาด","ฟันผุ"],"unchecked":["สะอาด","7"]}	{"checked":["ไม่สะอาด","มีขี้หู"],"unchecked":["สะอาด"]}	{"checked":["มีน้ำมูก"],"unchecked":["สะอาด"]}	{"checked":["ไม่สะอาด","เล็บยาว"],"unchecked":["สะอาด"]}	{"checked":["มีแผล","มีผื่น"],"unchecked":["สะอาด","มีขี้ไคล"]}	{"checked":["จุดหรือผื่น","ตุ่มใส"],"unchecked":["ปกติ","ตุ่มหนอง"]}	{"checked":["จุดหรือผื่น","ตุ่มใส"],"unchecked":["ปกติ","ตุ่มหนอง"]}	{"checked":["จุดหรือผื่น","ตุ่มใส"],"unchecked":["ปกติ","ตุ่มหนอง"]}	{"checked":["มีไข้","ไอ"],"unchecked":["ไม่มี"]}	{"checked":["มียา"],"unchecked":["ไม่มี"]}	asdasd	asdas	dasdasd	Alice Johnson	2025-01-29 09:31:43.413745	\N	เหลือง/เขียว	เหลือง	7	36.4	มีเสมหะ	asdasd	asdasd	asdasd	asdasd	asdasd	dasdasd	asdasdas	asdasd
102	68332210056-2	เด็กชาย	ทอม	วัทสัน	เด็กโต	ห้อง 1/1	{"checked":["สะอาด","ผมยาว","ไม่สะอาด","มีเหา"],"unchecked":[]}	{"checked":[],"unchecked":["ไม่ปกติ","ไม่ตาแดง","ไม่มีขี้ตา"]}	{"checked":[],"unchecked":["ไม่สะอาด","ไม่มีกลิ่นปาก","ไม่มีแผลในปาก","ไม่มีตุ่มในปาก"]}	{"checked":[],"unchecked":["ไม่สะอาด","ไม่ไม่สะอาด","ไม่ฟันผุ"]}	{"checked":[],"unchecked":["ไม่สะอาด","ไม่ไม่สะอาด","ไม่มีขี้หู"]}	{"checked":[],"unchecked":["ไม่สะอาด","ไม่มีน้ำมูก"]}	{"checked":[],"unchecked":["ไม่สะอาด","ไม่ไม่สะอาด","ไม่เล็บยาว"]}	{"checked":[],"unchecked":["ไม่สะอาด","ไม่มีแผล","ไม่มีผื่น","ไม่มีขี้ไคล"]}	{"checked":[],"unchecked":["ไม่ปกติ","ไม่จุดหรือผื่น","ไม่ตุ่มใส","ไม่ตุ่มหนอง"]}	{"checked":[],"unchecked":["ไม่ปกติ","ไม่จุดหรือผื่น","ไม่ตุ่มใส","ไม่ตุ่มหนอง"]}	{"checked":[],"unchecked":["ไม่ปกติ","ไม่จุดหรือผื่น","ไม่ตุ่มใส","ไม่ตุ่มหนอง"]}	{"checked":[],"unchecked":["ไม่ไม่มี","ไม่มีไข้","ไม่ไอ"]}	{"checked":[],"unchecked":["ไม่ไม่มี","ไม่มียา"]}	asdasd	asd	asdasd	Alice Johnson	2025-01-31 10:48:00.6857	2025-01-31 11:40:00.758512	เหลือง/เขียว	เหลือง	5	36.4	มีเสมหะ	asdasd	asdasd	asdasd	asd	dasd	dasd	asdasd	asdasd
113	66332210001-1	เด็กหญิง	เนโกะ	จัง	เด็กโต	ห้อง 1/1	{"checked":["สะอาด","ผมยาว"],"unchecked":["ไม่สะอาด","มีเหา"]}	{"checked":["ปกติ","ตาแดง"],"unchecked":["มีขี้ตา"]}	{"checked":["สะอาด","มีกลิ่นปาก"],"unchecked":["มีแผลในปาก","มีตุ่มในปาก"]}	{"checked":["สะอาด","มีคราบนม\\/ไม่สะอาด"],"unchecked":["ฟันผุ",""]}	{"checked":["ไม่สะอาด"],"unchecked":["สะอาด","มีขี้หู"]}	{"checked":["สะอาด"],"unchecked":["มีน้ำมูก"]}	{"checked":["สะอาด"],"unchecked":["ไม่สะอาด","เล็บยาว"]}	{"checked":["สะอาด","มีแผล"],"unchecked":["มีผื่น","มีขี้ไคล"]}	{"checked":["ปกติ","จุดหรือผื่น"],"unchecked":["ตุ่มใส","ตุ่มหนอง"]}	{"checked":["จุดหรือผื่น"],"unchecked":["ปกติ","ตุ่มใส","ตุ่มหนอง"]}	{"checked":["จุดหรือผื่น","ตุ่มใส"],"unchecked":["ปกติ","ตุ่มหนอง"]}	{"unchecked":["ไม่มี","มีไข้","ไอ"]}	{"checked":["ไม่มี"],"unchecked":["มียา"]}	\N	\N	\N	Alice Johnson	2025-02-02 17:03:28.244504	\N	ขวาปกติ	ใส	\N	\N	ไอแห้ง	\N	\N	\N					
116	68332210059-6	เด็กชาย	ธนดล	ภูมูลนา	เด็กโต	โต1	{"checked":["ผมยาว","ไม่สะอาด","มีเหา"],"unchecked":["ไม่สะอาด"]}	{"checked":["ปกติ","ตาแดง","มีขี้ตา"],"unchecked":[]}	{"checked":["สะอาด","มีกลิ่นปาก","มีแผลในปาก","มีตุ่มในปาก"],"unchecked":[]}	{"checked":["ฟันผุ"],"unchecked":["ไม่สะอาด","ไม่ไม่สะอาด"]}	{"checked":["สะอาด","ไม่สะอาด"],"unchecked":["ไม่มีขี้หู"]}	{"checked":["สะอาด"],"unchecked":["ไม่มีน้ำมูก"]}	{"checked":["ไม่สะอาด","เล็บยาว"],"unchecked":["ไม่สะอาด"]}	{"checked":["สะอาด","มีขี้ไคล"],"unchecked":["ไม่มีแผล","ไม่มีผื่น"]}	{"checked":[],"unchecked":["ไม่ปกติ","ไม่จุดหรือผื่น","ไม่ตุ่มใส","ไม่ตุ่มหนอง"]}	{"checked":[],"unchecked":["ไม่ปกติ","ไม่จุดหรือผื่น","ไม่ตุ่มใส","ไม่ตุ่มหนอง"]}	{"checked":[],"unchecked":["ไม่ปกติ","ไม่จุดหรือผื่น","ไม่ตุ่มใส","ไม่ตุ่มหนอง"]}	{"checked":[],"unchecked":["ไม่ไม่มี","ไม่มีไข้","ไม่ไอ"]}	{"checked":[],"unchecked":["ไม่ไม่มี","ไม่มียา"]}	\N	\N	\N	Alice Johnson	2025-02-03 23:15:29	2025-02-03 23:15:41.848724	เหลือง/เขียว	ใส	9	\N	ไอแห้ง	\N	\N	\N	\N	\N	\N	\N	\N
112	66332210001-1	เด็กหญิง	เนโกะ	จัง	เด็กโต	ห้อง 1/1	{"checked":["สะอาด","ผมยาว","ไม่สะอาด","มีเหา"],"unchecked":[]}	{"checked":["ปกติ","ตาแดง","มีขี้ตา"],"unchecked":[]}	{"checked":["สะอาด","มีกลิ่นปาก","มีแผลในปาก","มีตุ่มในปาก"],"unchecked":[]}	{"checked":["สะอาด","ฟันผุ"],"unchecked":["ไม่ไม่สะอาด"]}	{"checked":["สะอาด","ไม่สะอาด","มีขี้หู"],"unchecked":[]}	{"checked":["สะอาด","มีน้ำมูก"],"unchecked":[]}	{"checked":["สะอาด","ไม่สะอาด","เล็บยาว"],"unchecked":[]}	{"checked":["สะอาด","มีแผล","มีผื่น","มีขี้ไคล"],"unchecked":[]}	{"checked":["ปกติ","จุดหรือผื่น","ตุ่มใส","ตุ่มหนอง"],"unchecked":[]}	{"checked":["ปกติ","จุดหรือผื่น","ตุ่มใส","ตุ่มหนอง"],"unchecked":[]}	{"checked":["ปกติ","จุดหรือผื่น","ตุ่มใส","ตุ่มหนอง"],"unchecked":[]}	{"checked":["มีไข้","ไอ"],"unchecked":["ไม่ไม่มี"]}	{"checked":["มียา"],"unchecked":["ไม่ไม่มี"]}	asdasd	asdasdasd	asda	Alice Johnson	2025-01-31 13:17:40	2025-01-31 13:18:09.252486	เหลือง/เขียว	เหลือง	6	36.6	มีเสมหะ	asdasdas	asdasd	asdasdasd	asdasd	asdasd	asdasd	asdasdasd	\N
122	68332210059-6	เด็กชาย	ธนดล	ภูมูลนา	เด็กโต	โต1	{"checked":["ผมยาว","ไม่สะอาด","มีเหา"],"unchecked":["ไม่สะอาด"]}	{"checked":[],"unchecked":["ไม่ปกติ","ไม่ตาแดง","ไม่มีขี้ตา"]}	{"checked":[],"unchecked":["ไม่สะอาด","ไม่มีกลิ่นปาก","ไม่มีแผลในปาก","ไม่มีตุ่มในปาก"]}	{"checked":[],"unchecked":["ไม่สะอาด","ไม่ไม่สะอาด","ไม่ฟันผุ"]}	{"checked":[],"unchecked":["ไม่สะอาด","ไม่ไม่สะอาด","ไม่มีขี้หู"]}	{"checked":[],"unchecked":["ไม่สะอาด","ไม่มีน้ำมูก"]}	{"checked":[],"unchecked":["ไม่สะอาด","ไม่ไม่สะอาด","ไม่เล็บยาว"]}	{"checked":[],"unchecked":["ไม่สะอาด","ไม่มีแผล","ไม่มีผื่น","ไม่มีขี้ไคล"]}	{"checked":[],"unchecked":["ไม่ปกติ","ไม่จุดหรือผื่น","ไม่ตุ่มใส","ไม่ตุ่มหนอง"]}	{"checked":[],"unchecked":["ไม่ปกติ","ไม่จุดหรือผื่น","ไม่ตุ่มใส","ไม่ตุ่มหนอง"]}	{"checked":[],"unchecked":["ไม่ปกติ","ไม่จุดหรือผื่น","ไม่ตุ่มใส","ไม่ตุ่มหนอง"]}	{"checked":[],"unchecked":["ไม่ไม่มี","ไม่มีไข้","ไม่ไอ"]}	{"checked":[],"unchecked":["ไม่ไม่มี","ไม่มียา"]}	\N	\N	\N	Alice Johnson	2024-11-05 23:39:45	2025-02-03 23:40:01.370166	ขวาปกติ	ใส	\N	\N	ไอแห้ง	\N	\N	\N	\N	\N	\N	\N	\N
124	111111	เด็กหญิง	ทดสอบ2	ทดสอบ2	เด็กโต	ห้อง1/1	{"unchecked":["สะอาด","ผมยาว","ไม่สะอาด","มีเหา"]}	{"unchecked":["ปกติ","ตาแดง","มีขี้ตา"]}	{"unchecked":["สะอาด","มีกลิ่นปาก","มีแผลในปาก","มีตุ่มในปาก"]}	{"unchecked":["สะอาด","มีคราบนม\\/ไม่สะอาด","ฟันผุ",""]}	{"unchecked":["สะอาด","ไม่สะอาด","มีขี้หู"]}	{"unchecked":["สะอาด","มีน้ำมูก"]}	{"unchecked":["สะอาด","ไม่สะอาด","เล็บยาว"]}	{"unchecked":["สะอาด","มีแผล","มีผื่น","มีขี้ไคล"]}	{"unchecked":["ปกติ","จุดหรือผื่น","ตุ่มใส","ตุ่มหนอง"]}	{"checked":["จุดหรือผื่น"],"unchecked":["ปกติ","ตุ่มใส","ตุ่มหนอง"]}	{"unchecked":["ปกติ","จุดหรือผื่น","ตุ่มใส","ตุ่มหนอง"]}	{"unchecked":["ไม่มี","มีไข้","ไอ"]}	{"unchecked":["ไม่มี","มียา"]}	\N	\N	\N	Alice Johnson	2025-02-20 15:07:29.966893	\N	ขวาปกติ	ใส	\N	\N	ไอแห้ง	\N	\N	\N					
125	68332210056-2	เด็กชาย	ทอม	วัทสัน	เด็กโต	ห้อง1/1	{"checked":["\\u0e1c\\u0e21\\u0e22\\u0e32\\u0e27","\\u0e44\\u0e21\\u0e48\\u0e2a\\u0e30\\u0e2d\\u0e32\\u0e14","\\u0e21\\u0e35\\u0e40\\u0e2b\\u0e32"],"unchecked":["\\u0e2a\\u0e30\\u0e2d\\u0e32\\u0e14"]}	{"checked":["\\u0e15\\u0e32\\u0e41\\u0e14\\u0e07","\\u0e21\\u0e35\\u0e02\\u0e35\\u0e49\\u0e15\\u0e32"],"unchecked":["\\u0e1b\\u0e01\\u0e15\\u0e34"]}	{"checked":["\\u0e21\\u0e35\\u0e01\\u0e25\\u0e34\\u0e48\\u0e19\\u0e1b\\u0e32\\u0e01","\\u0e21\\u0e35\\u0e41\\u0e1c\\u0e25\\u0e43\\u0e19\\u0e1b\\u0e32\\u0e01"],"unchecked":["\\u0e2a\\u0e30\\u0e2d\\u0e32\\u0e14","\\u0e21\\u0e35\\u0e15\\u0e38\\u0e48\\u0e21\\u0e43\\u0e19\\u0e1b\\u0e32\\u0e01"]}	{"checked":["\\u0e21\\u0e35\\u0e04\\u0e23\\u0e32\\u0e1a\\u0e19\\u0e21\\/\\u0e44\\u0e21\\u0e48\\u0e2a\\u0e30\\u0e2d\\u0e32\\u0e14","\\u0e1f\\u0e31\\u0e19\\u0e1c\\u0e38"],"unchecked":["\\u0e2a\\u0e30\\u0e2d\\u0e32\\u0e14"]}	{"checked":["\\u0e44\\u0e21\\u0e48\\u0e2a\\u0e30\\u0e2d\\u0e32\\u0e14","\\u0e21\\u0e35\\u0e02\\u0e35\\u0e49\\u0e2b\\u0e39"],"unchecked":["\\u0e2a\\u0e30\\u0e2d\\u0e32\\u0e14"]}	{"checked":["\\u0e21\\u0e35\\u0e19\\u0e49\\u0e33\\u0e21\\u0e39\\u0e01"],"unchecked":["\\u0e2a\\u0e30\\u0e2d\\u0e32\\u0e14"]}	{"checked":["\\u0e44\\u0e21\\u0e48\\u0e2a\\u0e30\\u0e2d\\u0e32\\u0e14","\\u0e40\\u0e25\\u0e47\\u0e1a\\u0e22\\u0e32\\u0e27"],"unchecked":["\\u0e2a\\u0e30\\u0e2d\\u0e32\\u0e14"]}	{"checked":["\\u0e21\\u0e35\\u0e41\\u0e1c\\u0e25"],"unchecked":["\\u0e2a\\u0e30\\u0e2d\\u0e32\\u0e14","\\u0e21\\u0e35\\u0e1c\\u0e37\\u0e48\\u0e19","\\u0e21\\u0e35\\u0e02\\u0e35\\u0e49\\u0e44\\u0e04\\u0e25"]}	{"checked":[],"unchecked":["\\u0e1b\\u0e01\\u0e15\\u0e34","\\u0e08\\u0e38\\u0e14\\u0e2b\\u0e23\\u0e37\\u0e2d\\u0e1c\\u0e37\\u0e48\\u0e19","\\u0e15\\u0e38\\u0e48\\u0e21\\u0e43\\u0e2a","\\u0e15\\u0e38\\u0e48\\u0e21\\u0e2b\\u0e19\\u0e2d\\u0e07"]}	{"checked":[],"unchecked":["\\u0e1b\\u0e01\\u0e15\\u0e34","\\u0e08\\u0e38\\u0e14\\u0e2b\\u0e23\\u0e37\\u0e2d\\u0e1c\\u0e37\\u0e48\\u0e19","\\u0e15\\u0e38\\u0e48\\u0e21\\u0e43\\u0e2a","\\u0e15\\u0e38\\u0e48\\u0e21\\u0e2b\\u0e19\\u0e2d\\u0e07"]}	{"checked":[],"unchecked":["\\u0e1b\\u0e01\\u0e15\\u0e34","\\u0e08\\u0e38\\u0e14\\u0e2b\\u0e23\\u0e37\\u0e2d\\u0e1c\\u0e37\\u0e48\\u0e19","\\u0e15\\u0e38\\u0e48\\u0e21\\u0e43\\u0e2a","\\u0e15\\u0e38\\u0e48\\u0e21\\u0e2b\\u0e19\\u0e2d\\u0e07"]}	{"checked":["\\u0e21\\u0e35\\u0e44\\u0e02\\u0e49"],"unchecked":["\\u0e44\\u0e21\\u0e48\\u0e21\\u0e35","\\u0e44\\u0e2d"]}	{"checked":["\\u0e21\\u0e35\\u0e22\\u0e32"],"unchecked":["\\u0e44\\u0e21\\u0e48\\u0e21\\u0e35"]}				Alice Johnson	2025-02-20 15:56:54	\N	เหลือง/เขียว	เหลือง	6	37.2	ไอแห้ง	ตรงแขน		ยาแก้แพ้					\N
\.


--
-- Data for Name: images; Type: TABLE DATA; Schema: public; Owner: postgres
--

COPY public.images (id, file_name, file_path, upload_date) FROM stdin;
\.


--
-- Data for Name: users; Type: TABLE DATA; Schema: public; Owner: postgres
--

COPY public.users (id, username, password, role, created_at, studentid) FROM stdin;
1	admin	$2a$06$f2f5wK54s4.0UwRZ5pa0e.ou/ZCNfg.qKZrgFkLggcK0tgRNE1/t.	admin	2024-11-28 11:12:03.120712	\N
2	parent1	$2a$06$1rRNZVzdfQ2O1CKSdpubze8klOo8FeaJbCIPUGrAFXg4o1k/Zkorm	parent	2024-11-28 11:12:03.120712	\N
15	68332210056-2	$2y$12$Ac.vGQyFterZYJ73Bc3tOuuo/dl1RyzkVf5jn0vNTVnAGjpNb.9sS	student	2025-02-03 13:15:02.307954	68332210056-2
16	66332210002-0	$2y$12$1iXf40KZLYcjdH26yaNs6eWcDUAln/BoD92n3bf25gTa3Ke4/QGVW	student	2025-02-03 13:15:17.121102	66332210002-0
17	66332210002-6	$2y$12$p3sAUqkp0qb/3rUqZhxzUuljesYqz1FdzGA4LpidiEc/3bxJVjNXe	student	2025-02-03 13:15:17.444415	66332210002-6
18	66332210001-3	$2y$12$MF/s.wwEAHIrqVoBGxmG.ugnFsqOoPEhj56unQDSmYfpiyEqsee9m	student	2025-02-03 13:15:17.757946	66332210001-3
19	66332210001-6	$2y$12$puClWOpsLXeZOX6t9QtrIuSatLahpHjW7Gx4HAGPmlVIuYeXUCurK	student	2025-02-03 13:15:18.075899	66332210001-6
20	66332210001-4	$2y$12$nWM09KEL1eIxQQzYl50M7OZNE1yjXXfHesqkgRGD4kBJyeAJobH8K	student	2025-02-03 13:15:18.405848	66332210001-4
21	66332210001-8	$2y$12$Ao5lA1k4CwwPgj34wdJOwO73lBpkm8WOP/4jJigEpxVqZO3.9GGMC	student	2025-02-03 13:15:18.720346	66332210001-8
22	66332210001-9	$2y$12$GOMhiEsd9HNNfCx6rz6AbehCbGQsvBfVIDSNb/mAhZi/dszANfkLi	student	2025-02-03 13:15:19.037124	66332210001-9
23	66332210001-0	$2y$12$gSyLjjRs1tcVMd3av04U8uUZnPdXlYFRbO3.HoiSYIfodFRWF7cem	student	2025-02-03 13:15:19.351687	66332210001-0
24	66332210002-5	$2y$12$n/xH0qZjDYsX4haiC13W.u7AMw.T6xpZjGvTXknXJVNRsoj.snKT6	student	2025-02-03 13:15:19.666085	66332210002-5
25	6633221001-1	$2y$12$THf66L1DfRImXQc1gQ3n2.wtSHXgzppdUFGDmGERoxIkayM/CWDtG	student	2025-02-03 13:15:19.977575	6633221001-1
26	66332210001-2	$2y$12$hDA2umJ2kokuVdUJp/YmBOQlL3kanD4NP9ejcfre2zXAxIlK3PlgS	student	2025-02-03 13:15:20.289832	66332210001-2
27	3	$2y$12$KyJ6erxY7T3d9d54BulzuOthDj/WbrLSs1C9wpbsaFn72gBR2OWli	student	2025-02-03 13:15:20.601145	3
28	6	$2y$12$Hb/4pIb6dM4HpJCY1Jpa4OdXoZBvAkIIfieh7XoBcSG5cWlJ5kH2W	student	2025-02-03 13:15:20.919146	6
29	9	$2y$12$r8z2vYXA.26/odLt4U7P.OsabVlTdf81w6ObbzcLlf2l.oAsZYlUm	student	2025-02-03 13:15:21.238293	9
30	12	$2y$12$a.czQa1xG61XmyxlFhbNjOrsu9MLBaIbdpjDKBtxZxKNn2sKQr8OK	student	2025-02-03 13:15:21.553964	12
31	15	$2y$12$Mu2xPSA8YqNfj8VJhxXAyevpDP96m4vmPWwmUZ6mdEEtcp4v8J8Ru	student	2025-02-03 13:15:21.865711	15
32	66332210001-1	$2y$12$hLrEpv/.OI5vddj3C8GwWOUYGeorM8gL0zMNcwUlSZwltgy3Kq5W.	student	2025-02-03 13:15:22.237327	66332210001-1
33	1	$2y$12$YiyuRkBRIV3rjfOzoR3U6e.oUQkSR5JX2vJfvTPYVPkQAJLG2r2Qu	student	2025-02-03 13:15:22.555772	1
34	4	$2y$12$GNp33GvPdV0KOHoAoDY8ZOZbWkxOAkzKRxL00XyhAnOnTPa2/fssK	student	2025-02-03 13:15:22.875919	4
35	7	$2y$12$WdW4cbVtzwk6A3zeqegat.m/jTIwPLjjh.ANZSrW2en9FbEYPGl2C	student	2025-02-03 13:15:23.195784	7
36	10	$2y$12$WsdejNQzwrsxhxUceMXCEe.F8J5f.yPkWP8fSssJ51mWCK2dr4uHO	student	2025-02-03 13:15:23.518122	10
37	13	$2y$12$Lp2F9RbWbSDMRZNSd2.9/O9BOFDUEnIGxu33ot529iJZqwvHY.Fhu	student	2025-02-03 13:15:23.83865	13
38	16	$2y$12$U87/qjplYZpDBUtMTM8BuuG4rkVFeFmA6aURueTDcBPJiiCO4oQ5S	student	2025-02-03 13:15:24.157971	16
39	2	$2y$12$rkGaUrMBBM9/8xHE8hGi/u7xeVKZakxivl83JIdYlC5lm8D8LPeb.	student	2025-02-03 13:15:24.476402	2
40	5	$2y$12$WwhhAAvvJiymWEb2CTXyMeVOFO/ZBNYR5GPbyuzSx70pJA/.LWBKO	student	2025-02-03 13:15:24.790594	5
41	8	$2y$12$a/pJH8Qo.1.tlq7Jzt7SsuszjKF6wglw6QLnw8wY3.glcIwGh2E/6	student	2025-02-03 13:15:25.107534	8
42	11	$2y$12$8SOk5.yKlntj.sLRFr1vYuXJwUboZCENapZW2M5Elgt.fhNxbUaaO	student	2025-02-03 13:15:25.433353	11
43	14	$2y$12$vI2dJycCuv33Ncf9yivGveecE5bZJHCkEVx14zY.bxpJmkmk7TD1C	student	2025-02-03 13:15:25.751068	14
44	68332210059-6	$2y$12$fv5h9ia5hGzKheQAz0f7zuhC8I.u7oUuJhg91GIyEplYeU/Y08t7q	student	2025-02-03 13:32:02.068588	68332210059-6
49	chiken@kku.ac.th	$2y$12$55Tx2ChdOI/11O8/nJKIyudOdvFbay3jRkb1v14jSDHBMEj8a6HhK	teacher	2025-02-18 11:36:20.024752	\N
3	alice.johnson@email.com	$2a$06$UsCodI6hNO5AKbZU0Gwg8ukTpf2o4rJPndgLPrVWs4pZZ2mNjmPzS	teacher	2024-12-20 09:09:34.184146	\N
5	catherine.brown@email.com	$2a$06$ozJ7EMl7XMj/trtf2tEAieOjNAyH8qUnzMOnSSVfIzl5bw00qKBDC	teacher	2024-12-20 09:09:34.184146	\N
4	bob.williams@email.com	$2a$06$2H/mAVeI5D0qRRQ35.FCR.603Q2XMO1uYET1kKpl698lNygU6AO7.	teacher	2024-12-20 09:09:34.184146	\N
8	frank.martinez@email.com	$2a$06$21Aag6aPd9Sa.tdnE1LJYOPW3X.i67oqFK1ff/eAkE..8eKQx92vq	teacher	2024-12-20 09:10:09.627112	\N
6	david.clark@email.com	$2a$06$sS6T24uFW2mj40Lk5P4fcu/WEO2Gd37B8TL1g1AzPnEQm6O.nE9z6	teacher	2024-12-20 09:09:34.184146	\N
7	eve.garcia@email.com	$2a$06$EXOKBRMYq8DpmRApP03Z/.8sIPuindTr9tB7zJtZ9MBU2HptfjJga	teacher	2024-12-20 09:09:34.184146	\N
\.


--
-- Data for Name: nutrition_records; Type: TABLE DATA; Schema: public; Owner: postgres
--

COPY public.nutrition_records (id, student_id, weight, height, meal_type, meal_status, nutrition_note, recorded_by, recorded_at) FROM stdin;
2	66332210001-1	23.00	132.00	กลางวัน	ทานหมด		3	2025-02-05 15:01:45.433751
3	111111	55.00	123.00	เช้า	ทานได้ครึ่งหนึ่ง		3	2025-02-20 15:47:42.969777
\.


--
-- Data for Name: transition_statuses; Type: TABLE DATA; Schema: public; Owner: postgres
--

COPY public.transition_statuses (id, status_name, description, created_at) FROM stdin;
1	pending	รอดำเนินการ	2025-02-21 10:40:33.438456+07
2	completed	ดำเนินการแล้ว	2025-02-21 10:40:33.438456+07
3	cancelled	ยกเลิก	2025-02-21 10:40:33.438456+07
\.


--
-- Data for Name: student_transitions; Type: TABLE DATA; Schema: public; Owner: postgres
--

COPY public.student_transitions (id, child_id, academic_year, current_class_level, current_classroom, new_class_level, new_classroom, transition_type, status_id, reason, effective_date, created_by, created_at, updated_at) FROM stdin;
\.


--
-- Data for Name: teachers; Type: TABLE DATA; Schema: public; Owner: postgres
--

COPY public.teachers (id, teacher_id, first_name, last_name, email, phone_number, classroom_ids, group_ids, created_at, profile_image) FROM stdin;
7	10	Johnson7	Bergur	johnson.kku@gmail.com	0898488942	ห้อง 1/1	เด็กกลาง	2025-01-22 02:59:21.098497	\N
10	11	ครูไก่	ไก่ไข่	chiken@kku.ac.th	771518	โต1	เด็กโต	2025-02-18 11:36:20.024752	\N
1	3	Alice	Johnson	alice.johnson@email.com	5551112221	ห้อง1/1	เด็กโต	2024-12-20 09:20:30.738282	\N
3	5	Catherine	Brown	catherine.brown@email.com	5555556664	ห้อง1/2	เด็กโต	2024-12-20 09:20:30.738282	\N
2	4	Bob	Williams	bob.williams@email.com	5553334443	ห้อง1/3	เด็กโต	2024-12-20 09:20:30.738282	\N
6	8	Frank	Martinez	frank.martinez@email.com	5551231234	ห้อง1/1	เด็กกลาง	2024-12-20 09:20:30.738282	\N
4	6	David	Clark	david.clark@email.com	5557778888	ห้อง1/1	เด็กกลาง	2024-12-20 09:20:30.738282	\N
5	7	Eve	Garcia	eve.garcia@email.com	5559990000	ห้อง1/1	เตรียมอนุบาล	2024-12-20 09:20:30.738282	\N
\.


--
-- Data for Name: vaccine_age_groups; Type: TABLE DATA; Schema: public; Owner: postgres
--

COPY public.vaccine_age_groups (id, age_group, display_order, created_at, updated_at) FROM stdin;
1	แรกเกิด	1	2025-01-24 02:56:57.057281	2025-01-24 02:56:57.057281
2	1 เดือน	2	2025-01-24 02:56:57.057281	2025-01-24 02:56:57.057281
3	2 เดือน	3	2025-01-24 02:56:57.057281	2025-01-24 02:56:57.057281
4	4 เดือน	4	2025-01-24 02:56:57.057281	2025-01-24 02:56:57.057281
5	6 เดือน	5	2025-01-24 02:56:57.057281	2025-01-24 02:56:57.057281
6	9 เดือน	6	2025-01-24 02:56:57.057281	2025-01-24 02:56:57.057281
7	1 ปี	7	2025-01-24 02:56:57.057281	2025-01-24 02:56:57.057281
8	1 ปี 6 เดือน	8	2025-01-24 02:56:57.057281	2025-01-24 02:56:57.057281
9	2 ปี 6 เดือน	9	2025-01-28 14:06:01.49402	2025-01-28 14:06:01.49402
10	4 ปี	10	2025-01-28 14:09:53.690832	2025-01-28 14:09:53.690832
\.


--
-- Data for Name: vaccine_list; Type: TABLE DATA; Schema: public; Owner: postgres
--

COPY public.vaccine_list (id, age_group_id, vaccine_name, vaccine_description, is_active, created_at, updated_at) FROM stdin;
8	4	ฉีดวัคชีนรวมป้องกันโรคคอตีบ-บาดทะยัก-ไอกรน-ตับอักเสบบี-ฮิบ (DTP-HB-Hib) ครั้งที่ 2		t	2025-01-24 03:56:23.560739	2025-01-24 03:56:23.560739
9	4	กินวัคซีนโรต้า (Rota) ครั้งที่ 2		t	2025-01-24 04:20:54.184419	2025-01-24 04:20:54.184419
10	4	ฉีดวัคซีนป้องกันโรคโปลิโอ (IPV)		t	2025-01-24 04:21:09.425759	2025-01-24 04:21:09.425759
11	5	กินวัคชีนป้องกันโรคโปลิโอ (OPV) ครั้งที่ 3		t	2025-01-24 04:21:25.220373	2025-01-24 04:21:25.220373
12	5	ฉีดวัดชีนรวมป้องกันโรคอตีบ-บาดทะยัก-ไอกรน-ตับอักเสบบี-ฮิบ (DTP-HB-Hib) ครั้งที่ 3		t	2025-01-24 04:21:49.650349	2025-01-24 04:21:49.650349
13	5	กินวัคชีนโรต้า (Rota) ครั้งที่ 3		t	2025-01-24 04:22:01.269802	2025-01-24 04:22:01.269802
14	6	ฉีดวัคชีนรวมป้องกันโรคหัด-คางทูม-หัดเยอรมัน(MMR) ครั้งที่ 1		t	2025-01-24 04:22:21.631909	2025-01-24 04:22:21.631909
15	7	ฉีดวัคชีนป้องกันโรคไข้สมองอักเสบเจอี  ชนิดเชื้อเป็นอ่อนฤทธิ์ (LAJE) ครั้งที่ 1		t	2025-01-24 04:23:32.511438	2025-01-24 04:23:32.511438
16	8	กินวัคซีนป้องกันโรคโปลิโอ (OPV) ครั้งที่ 4		t	2025-01-24 04:23:51.447509	2025-01-24 04:23:51.447509
17	8	ฉีดวัคชีนรวมป้องกันโรคคอตีบ-บาดทะยัก-ไอกรน(DTP) ครั้งที่ 4		t	2025-01-24 04:23:58.664003	2025-01-24 04:23:58.664003
18	8	ฉีดวัคชีนรวมป้องกันโรคหัด-คางทูม-หัดเยอรมัน(MMR) ครั้งที่ 2		t	2025-01-24 04:24:05.441129	2025-01-24 04:24:05.441129
5	3	ฉีดวัคชีนรวมป้องกันโรคคอตีบ-บาดทะยัก-ไอกรน-ตับอักเสบบี-ฮิบ (DTP-HB-Hib) ครั้งที่ 1	DTP-HB-Hib) ครั้งที่ 1	t	2025-01-24 03:50:28.880282	2025-01-24 06:27:17.876055
6	3	กินวัคซีนโรต้า (Rota) ครั้งที่ 1	Rota) ครั้งที่ 1	t	2025-01-24 03:52:16.569471	2025-01-24 06:27:28.378033
7	4	กินวัคซีนป้องกันโรคโปลิโอ (OPV) ครั้งที่ 2	OPV) ครั้งที่ 2	t	2025-01-24 03:54:28.227062	2025-01-24 06:27:40.207825
1	1	ฉีดวัคซีนป้องกันวัณโรค (BCG)	ไม่มี	t	2025-01-24 02:56:57.057281	2025-01-27 11:36:09.36681
23	9	ฉีดวัคซีนป้องกันโรคไข้สมองอักเสบเจอี ชนิดเชื้อเป็นอ่อนฤทธิ์ (LAJE) ครั้งที่ 2		t	2025-01-28 14:10:22.617426	2025-01-28 14:10:22.617426
20	2	ฉีดวัคซีนป้องกันโรคตับอักเสบบี (HB) ((เฉพาะรายที่แม่เป็นพาหะ))	(เฉพาะรายที่แม่เป็นพาหะ)	t	2025-01-24 06:58:43.598475	2025-01-24 06:58:43.598475
4	3	กินวัคซีนป้องกันโรคโปลิโอ (OPV)	OPV) ครั้งที่ 1	t	2025-01-24 03:50:01.21928	2025-01-24 07:45:42.241051
24	10	กินวัคซีนป้องกันโรคโปลิโอ (OPV) ครั้งที่ 5		t	2025-01-28 14:10:41.663176	2025-01-28 14:10:41.663176
25	10	ฉีดวัคชีนรวมป้องกันโรคคอตีบ-บาดทะยัก-ไอกรน(DTP) ครั้งที่ 5		t	2025-01-28 14:10:55.287098	2025-01-28 14:10:55.287098
19	1	ฉีดวัคชีนป้องกันโรคตับอักเสบบี (HB)		t	2025-01-24 06:29:56.11605	2025-01-24 08:26:27.414829
22	1	ฉีดวัคซีนป้องกันวัณโรค (AAA)		t	2025-01-24 15:35:40.456999	2025-01-24 15:35:40.456999
\.


--
-- Data for Name: vaccines; Type: TABLE DATA; Schema: public; Owner: postgres
--

COPY public.vaccines (id, student_id, vaccine_date, vaccine_name, vaccine_number, vaccine_location, vaccine_provider, lot_number, next_appointment, vaccine_note, created_at, updated_at, vaccine_list_id, status, image_path) FROM stdin;
24	6633221001-1	2025-02-11	ฉีดวัคซีนป้องกันวัณโรค (BCG)	2	sdasdasasd	asdasda	asdasdasd	2025-02-05	asdasdasd	2025-02-17 16:11:37.184333	2025-02-17 16:11:37.184333	1	pending	../../../public/uploads/vaccines/vaccine_1739783497_66332210011.jpg
25	6633221001-1	2025-02-17	ฉีดวัคชีนป้องกันโรคตับอักเสบบี (HB)	1	โรงพยาบาลขอนแก่นราม 	พญ.พิมพ์นิภา	B20085456	2025-02-18		2025-02-17 16:12:30.724822	2025-02-17 16:12:30.724822	19	pending	../../../public/uploads/vaccines/vaccine_1739783550_66332210011.jpg
10	66332210001-1	2025-01-27	ฉีดวัคชีนป้องกันโรคตับอักเสบบี (HB)	1	โรงพยาบาลขอนแก่นราม 	พญ.พิมพ์นิภา	B20085456	2025-04-27		2025-01-27 09:54:51.646242	2025-01-27 09:54:51.646242	19	pending	\N
11	66332210001-1	2025-01-27	ฉีดวัคชีนป้องกันโรคตับอักเสบบี (HB)	1	โรงพยาบาลขอนแก่นราม 	พญ.พิมพ์นิภา	B20085456	2025-04-27		2025-01-27 09:55:04.089325	2025-01-27 09:55:04.089325	19	pending	\N
12	66332210001-1	2025-01-27	ฉีดวัคชีนป้องกันโรคตับอักเสบบี (HB)	1	โรงพยาบาลขอนแก่นราม 	พญ.พิมพ์นิภา	B20085456	2025-04-27		2025-01-27 09:56:05.48532	2025-01-27 09:56:05.48532	19	pending	\N
15	66332210001-1	2025-01-27	กินวัคซีนป้องกันโรคโปลิโอ (OPV)	1	โรงพยาบาลขอนแก่นราม 	พญ.พิมพ์นิภา	B20085456	2025-01-27		2025-01-27 10:02:39.226684	2025-01-27 10:02:39.226684	4	pending	../../../public/uploads/vaccines/vaccine_1737946959_663322100011.jpg
9	66332210001-1	2025-01-25	ฉีดวัคซีนป้องกันวัณโรค (BCG)	1	โรงพยาบาลขอนแก่นราม 	พญ.พิมพ์นิภา	B20085456	2025-04-24		2025-01-24 16:22:07.634033	2025-01-27 11:21:40.606256	1	pending	../../../public/uploads/vaccines/vaccine_1737951700_663322100011.jpg
16	66332210001-1	2025-01-27	ฉีดวัคซีนป้องกันวัณโรค (AAA)	1	โรงพยาบาลขอนแก่นราม 	พญ.พิมพ์นิภา	B20085456	2025-04-27		2025-01-27 11:40:39.49256	2025-01-27 11:40:39.49256	22	pending	../../../public/uploads/vaccines/vaccine_1737952839_663322100011.jpg
18	68332210059-6	2025-01-29	ฉีดวัคชีนป้องกันโรคตับอักเสบบี (HB)	1	โรงพยาบาลขอนแก่นราม 	พญ.พิมพ์นิภา	B20085456	2025-01-29		2025-01-29 13:17:12.119613	2025-01-29 13:17:12.119613	19	pending	../../../public/uploads/vaccines/vaccine_1738131432_683322100596.jpg
17	68332210059-6	2025-01-29	ฉีดวัคซีนป้องกันวัณโรค (BCG)	1	โรงพยาบาลขอนแก่นราม 	พญ.พิมพ์นิภา	B20085456	2025-05-28		2025-01-29 11:10:25.011698	2025-01-29 13:17:31.641158	1	pending	../../../public/uploads/vaccines/vaccine_1738131451_683322100596.jpg
19	68332210059-6	2025-01-29	ฉีดวัคซีนป้องกันวัณโรค (AAA)	1	โรงพยาบาลขอนแก่นราม 	พญ.พิมพ์นิภา	B20085456	2025-01-29		2025-01-29 13:37:22.604077	2025-01-29 13:37:22.604077	22	pending	../../../public/uploads/vaccines/vaccine_1738132642_683322100596.jpg
20	68332210059-6	2025-01-29	ฉีดวัคซีนป้องกันโรคตับอักเสบบี (HB) ((เฉพาะรายที่แม่เป็นพาหะ))	1	โรงพยาบาลขอนแก่นราม 	พญ.พิมพ์นิภา	B20085456	2025-01-29		2025-01-29 15:53:28.756537	2025-01-29 15:53:28.756537	20	pending	../../../public/uploads/profiles/vaccine_1738140808_683322100596.jpg
21	68332210059-6	2025-02-17	กินวัคซีนป้องกันโรคโปลิโอ (OPV)	2	โรงพยาบาลขอนแก่นราม 	พญ.พิมพ์นิภา	B20085456	2025-02-17		2025-02-17 15:54:55.280125	2025-02-17 15:54:55.280125	4	pending	../../../public/uploads/vaccines/vaccine_1739782495_683322100596.jpg
22	68332210059-6	2025-02-17	ฉีดวัคชีนรวมป้องกันโรคคอตีบ-บาดทะยัก-ไอกรน-ตับอักเสบบี-ฮิบ (DTP-HB-Hib) ครั้งที่ 1	1	โรงพยาบาลขอนแก่นราม 	พญ.พิมพ์นิภา	B20085456	2025-02-17		2025-02-17 15:55:19.84235	2025-02-17 15:55:19.84235	5	pending	../../../public/uploads/vaccines/vaccine_1739782519_683322100596.jpg
23	68332210059-6	2025-02-17	กินวัคซีนโรต้า (Rota) ครั้งที่ 1	1	โรงพยาบาลขอนแก่นราม 	พญ.พิมพ์นิภา	B20085456	2025-02-17		2025-02-17 16:01:54.454385	2025-02-17 16:01:54.454385	6	pending	../../../public/uploads/vaccines/vaccine_1739782914_683322100596.jpg
26	68332210059-6	2025-02-25	กินวัคซีนป้องกันโรคโปลิโอ (OPV) ครั้งที่ 2	1	โรงพยาบาลขอนแก่นราม 	พญ.พิมพ์นิภา	B20085456	2025-02-06		2025-02-25 14:16:35.045045	2025-02-25 14:16:35.045045	7	pending	../../../public/uploads/vaccines/vaccine_1740467795_683322100596.jpg
\.


--
-- Name: attendance_id_seq; Type: SEQUENCE SET; Schema: public; Owner: postgres
--

SELECT pg_catalog.setval('public.attendance_id_seq', 61, true);


--
-- Name: children_id_seq; Type: SEQUENCE SET; Schema: public; Owner: postgres
--

SELECT pg_catalog.setval('public.children_id_seq', 333, true);


--
-- Name: classrooms_classroom_id_seq; Type: SEQUENCE SET; Schema: public; Owner: postgres
--

SELECT pg_catalog.setval('public.classrooms_classroom_id_seq', 25, true);


--
-- Name: drug_allergies_id_seq; Type: SEQUENCE SET; Schema: public; Owner: postgres
--

SELECT pg_catalog.setval('public.drug_allergies_id_seq', 12, true);


--
-- Name: food_allergies_id_seq; Type: SEQUENCE SET; Schema: public; Owner: postgres
--

SELECT pg_catalog.setval('public.food_allergies_id_seq', 12, true);


--
-- Name: growth_records_id_seq; Type: SEQUENCE SET; Schema: public; Owner: postgres
--

SELECT pg_catalog.setval('public.growth_records_id_seq', 21, true);


--
-- Name: health_data_id_seq; Type: SEQUENCE SET; Schema: public; Owner: postgres
--

SELECT pg_catalog.setval('public.health_data_id_seq', 125, true);


--
-- Name: images_id_seq; Type: SEQUENCE SET; Schema: public; Owner: postgres
--

SELECT pg_catalog.setval('public.images_id_seq', 1, false);


--
-- Name: nutrition_records_id_seq; Type: SEQUENCE SET; Schema: public; Owner: postgres
--

SELECT pg_catalog.setval('public.nutrition_records_id_seq', 3, true);


--
-- Name: student_transitions_id_seq; Type: SEQUENCE SET; Schema: public; Owner: postgres
--

SELECT pg_catalog.setval('public.student_transitions_id_seq', 1, false);


--
-- Name: teachers_id_seq; Type: SEQUENCE SET; Schema: public; Owner: postgres
--

SELECT pg_catalog.setval('public.teachers_id_seq', 10, true);


--
-- Name: transition_statuses_id_seq; Type: SEQUENCE SET; Schema: public; Owner: postgres
--

SELECT pg_catalog.setval('public.transition_statuses_id_seq', 3, true);


--
-- Name: users_id_seq; Type: SEQUENCE SET; Schema: public; Owner: postgres
--

SELECT pg_catalog.setval('public.users_id_seq', 49, true);


--
-- Name: vaccine_age_groups_id_seq; Type: SEQUENCE SET; Schema: public; Owner: postgres
--

SELECT pg_catalog.setval('public.vaccine_age_groups_id_seq', 10, true);


--
-- Name: vaccine_list_id_seq; Type: SEQUENCE SET; Schema: public; Owner: postgres
--

SELECT pg_catalog.setval('public.vaccine_list_id_seq', 25, true);


--
-- Name: vaccines_id_seq; Type: SEQUENCE SET; Schema: public; Owner: postgres
--

SELECT pg_catalog.setval('public.vaccines_id_seq', 26, true);


--
-- PostgreSQL database dump complete
--

